Card Name,Rarity,Number,Price,Market Price,Listing Count,Mention Count
Ground Xeno,Ultra Rare,#WISU-EN006,$26.48,$27.68,79,0
Vanquish Soul Razen,Ultra Rare,#WISU-EN016,$25.00,$27.68,81,0
Triple Tactics Thrust,Secret Rare,#PHHY-EN069,$65.00,$27.68,59,4
Pot of Prosperity,Prismatic Secret Rare,#MP22-EN037,$35.00,$27.68,71,6
Kashtira Fenrir,Ultra Rare,#DABL-EN012,$37.00,$27.68,45,4
The Bystial Lubellion,Secret Rare,#DABL-EN009,$69.69,$27.68,32,4
Rock of the Vanquisher,Ultra Rare,#WISU-EN022,$13.00,$27.68,81,0
Stake your Soul!,Ultra Rare,#WISU-EN023,$15.95,$27.68,80,0
Vanquish Soul Heavy Borger,Ultra Rare,#WISU-EN018,$15.00,$27.68,86,0
Chaos Angel,Secret Rare,#CYAC-EN044,$59.99,$27.68,43,2
Vanquish Soul Dr. Mad Love,Ultra Rare,#WISU-EN019,$15.00,$27.68,72,0
"Blazing Cartesia, the Virtuous",Secret Rare,#DABL-EN011,$46.86,$27.68,70,2
Kurikara Divincarnate,Secret Rare,#POTE-EN031,$45.00,$27.68,47,1
Sky Striker Ace - Azalea,Secret Rare,#BLMR-EN052,$18.99,$27.68,23,1
Runick Tip,Ultra Rare,#TAMA-EN029,$26.00,$27.68,44,0
Baronne de Fleur,Ultra Rare,#MAZE-EN051,$46.00,$27.68,79,2
Rite of Aramesir,Secret Rare,#BLMR-EN093,$16.00,$27.68,15,2
Vanquish Soul Razen (CR),Collector's Rare,#WISU-EN016,$118.93,$27.68,19,0
Bystial Magnamhut,Super Rare,#DABL-EN006,$14.49,$27.68,69,1
Triple Tactics Talent,Ultra Rare,#MP21-EN143,$15.50,$27.68,85,12
Assault Synchron,Secret Rare,#BLMR-EN003,$9.91,$27.68,128,2
Duality,Secret Rare,#BLMR-EN036,$10.94,$27.68,96,3
Infinite Impermanence,Super Rare,#SDCS-EN036,$8.00,$27.68,113,70
Peaceful Planet Calarium,Secret Rare,#CYAC-EN058,$24.50,$27.68,70,0
Voici la Carte (Today's Menu),Ultra Rare,#WISU-EN036,$5.63,$6.61,98,1
Vanquish Soul Dr. Mad Love (CR),Collector's Rare,#WISU-EN019,$72.00,$6.61,23,0
Spright Blue,Secret Rare,#POTE-EN003,$26.97,$6.61,63,2
"Guiding Quem, the Virtuous",Secret Rare,#CYAC-EN011,$21.99,$6.61,151,2
"Nouvelles Restaurant ""At Table""",Ultra Rare,#WISU-EN035,$4.26,$6.61,95,1
Stake your Soul! (CR),Collector's Rare,#WISU-EN023,$64.82,$6.61,40,0
Pressured Planet Wraitsoth,Secret Rare,#PHHY-EN059,$16.79,$6.61,120,0
Accel Synchro Stardust Dragon,Ultra Rare,#MAZE-EN019,$33.95,$6.61,129,0
Vanquish Soul Caesar Valius (CR),Collector's Rare,#WISU-EN021,$70.00,$6.61,21,0
Ohime the Manifested Mikanko,Ultra Rare,#AMDE-EN027,$21.37,$6.61,46,0
Vanquish Soul Heavy Borger (CR),Collector's Rare,#WISU-EN018,$63.00,$6.61,29,0
Fossil Dig (CR),Collector's Rare,#WISU-EN055,$60.28,$6.61,25,0
Divine Arsenal AA-ZEUS - Sky Thunder,Ultra Rare,#MP21-EN195,$12.75,$6.61,123,28
Ultimate Conductor Tyranno (CR),Collector's Rare,#WISU-EN009,$62.00,$6.61,22,0
Visas Starfrost,Secret Rare,#DIFO-EN008,$23.95,$6.61,55,2
Souleating Oviraptor (CR),Collector's Rare,#WISU-EN012,$63.27,$6.61,30,0
Divine Arsenal AA-ZEUS - Sky Thunder,Secret Rare,#BLMR-EN084,$10.39,$6.61,32,28
Red-Eyes Dark Dragoon,Prismatic Secret Rare,#MP22-EN264,$11.22,$6.61,119,9
Rescue-ACE Hydrant,Ultra Rare,#AMDE-EN004,$20.50,$6.61,49,0
Visas Starfrost (Starlight Rare),Starlight Rare,#CYAC-EN100,$300.00,$6.61,4,0
Triple Tactics Talent,Ultra Rare,#MAMA-EN090,$14.30,$6.61,95,12
Lady Labrynth of the Silver Castle,Secret Rare,#DABL-EN030,$27.49,$6.61,46,1
Kashtira Fenrir,Ultimate Rare,#OP21-EN003,$48.00,$6.61,50,4
There Can Be Only One (CR),Collector's Rare,#WISU-EN060,$58.98,$6.61,32,0
Diviner of the Herald,Prismatic Secret Rare,#MP22-EN056,$7.49,$7.96,109,4
Spright Blue,Ultimate Rare,#OP21-EN001,$35.00,$7.96,42,2
"Therion ""King"" Regulus",Secret Rare,#DIFO-EN007,$26.69,$7.96,125,1
Mikanko Water Arabesque,Ultra Rare,#AMDE-EN032,$14.44,$7.96,12,0
Accesscode Talker,Secret Rare,#BLCR-EN093,$28.00,$7.96,79,15
Hugin the Runick Wings,Ultra Rare,#TAMA-EN037,$11.31,$7.96,59,0
Small World,Prismatic Secret Rare,#MP22-EN225,$6.49,$7.96,106,4
Despian Luluwalilith,Secret Rare,#CYAC-EN042,$13.80,$7.96,184,1
Noh-P.U.N.K. Foxy Tune,Secret Rare,#BLMR-EN063,$2.99,$7.96,42,2
Droll & Lock Bird,Rare,#TAMA-EN047,$2.49,$7.96,143,16
Illusion of Chaos,Secret Rare,#BACH-EN034,$29.57,$7.96,64,0
Arianna the Labrynth Servant,Ultra Rare,#TAMA-EN017,$14.69,$7.96,48,0
Blue-Eyes White Dragon,Ultra Rare,#SDK-001,$3.34,$7.96,271,9
Crossout Designator,Ultra Rare,#MP21-EN258,$9.50,$7.96,111,8
Muckraker From the Underworld,Secret Rare,#DABL-EN051,$16.95,$7.96,28,0
Primeval Planet Perlereino,Secret Rare,#POTE-EN060,$18.60,$7.96,116,0
Ash Blossom & Joyous Spring,Prismatic Secret Rare,#MP22-EN257,$7.99,$7.96,183,80
Ten Thousand Dragon,10000 Secret Rare,#BLAR-EN10K,"$1,049.99",$7.96,18,1
"Ringowurm, the Dragon Guarding the Hundred Apples",Ultra Rare,#CYAC-EN029,$11.00,$7.96,90,1
Kashtiratheosis,Secret Rare,#PHHY-EN058,$11.82,$7.96,133,0
Psychic End Punisher,Secret Rare,#DIFO-EN043,$18.00,$7.96,81,0
Super Polymerization,Secret Rare,#BLMR-EN089,$2.18,$7.96,50,28
Accesscode Talker,Premium Gold Rare,#MGED-EN037,$27.99,$7.96,74,15
Bystial Dis Pater,Ultra Rare,#CYAC-EN041,$9.00,$7.96,103,0
Gold Pride - Better Luck Next Time!,Secret Rare,#CYAC-EN091,$8.99,$10.51,97,0
Ash Blossom & Joyous Spring,Common / Short Print,#SDCB-EN014,$3.69,$10.51,85,80
Mannadium Riumheart,Ultra Rare,#CYAC-EN012,$5.49,$10.51,106,0
Albion the Sanctifire Dragon,Secret Rare,#CYAC-EN035,$9.48,$10.51,126,2
Purrely,Ultra Rare,#AMDE-EN013,$15.00,$10.51,106,10
Baronne de Fleur,Ultra Rare,#LED8-EN024,$50.76,$10.51,55,2
Hungry Burger (CR),Collector's Rare,#WISU-EN041,$45.50,$10.51,38,0
"Nibiru, the Primal Being",Ultra Rare,#MP22-EN261,$3.50,$10.51,147,25
Water Enchantress of the Temple,Secret Rare,#BLMR-EN065,$2.99,$10.51,39,3
Pot of Prosperity,Secret Rare,#BLVO-EN065,$38.00,$10.51,40,6
"Garura, Wings of Resonant Life",Ultra Rare,#POTE-EN082,$14.73,$10.51,93,1
Forbidden Droplet,Prismatic Secret Rare,#MP22-EN254,$12.50,$10.51,147,5
Vanquish Soul Caesar Valius,Ultra Rare,#WISU-EN021,$2.99,$10.51,101,0
Exodia the Forbidden One (Starlight Rare),Starlight Rare,#BLCR-EN101,$434.69,$10.51,26,0
Runick Fountain,Ultra Rare,#TAMA-EN027,$9.64,$10.51,97,0
Nadir Servant,Ultra Rare,#MP21-EN135,$5.87,$10.51,110,4
Spright Sprind,Secret Rare,#DABL-EN048,$11.00,$10.51,65,0
Sky Striker Mobilize - Linkage!,Ultra Rare,#MAMA-EN003,$3.95,$10.51,106,0
Triple Tactics Talent (Starlight Rare),Starlight Rare,#ROTD-EN062,$750.76,$10.51,14,0
"Gameciel, the Sea Turtle Kaiju",Ultra Rare,#DUDE-EN037,$6.95,$10.51,61,3
Rite of Aramesir,Ultra Rare,#GRCR-EN025,$13.98,$10.51,84,2
Infinite Impermanence,Ultra Rare,#MAMA-EN100,$10.92,$10.51,111,70
Fateful Adventure,Ultra Rare,#GRCR-EN029,$7.50,$10.51,34,0
"Nouvelles Restaurant ""At Table"" (CR)",Collector's Rare,#WISU-EN035,$27.99,$10.51,39,0
Lightning Storm,Prismatic Secret Rare,#MP22-EN253,$9.10,$8.71,135,16
Xeno Meteorus (CR),Collector's Rare,#WISU-EN001,$39.00,$8.71,44,0
Lightning Storm,Ultra Rare,#MAMA-EN089,$8.41,$8.71,125,16
Evenly Matched,Super Rare,#SDBT-EN038,$4.00,$8.71,105,48
"Denglong, First of the Yang Zing",Ultra Rare,#INOV-EN048,$12.25,$8.71,108,0
Tearlaments Kashtira,Ultra Rare,#PHHY-EN008,$6.50,$8.71,133,0
Aromaseraphy Jasmine,Ultra Rare,#DUPO-EN029,$16.39,$8.71,43,2
"Guiding Quem, the Virtuous (Starlight Rare)",Starlight Rare,#CYAC-EN011,$250.00,$8.71,32,0
Dark Magician Girl (Ghost Rare),Ghost Rare,#GFP2-EN177,$180.00,$8.71,48,0
Ash Blossom & Joyous Spring,Common / Short Print,#SDBT-EN014,$3.65,$8.71,81,80
Animadorned Archosaur (CR),Collector's Rare,#WISU-EN050,$35.97,$8.71,42,0
Rescue-ACE Turbulence,Ultra Rare,#AMDE-EN007,$9.94,$8.71,48,0
Floowandereeze and the Advent of Adventure,Ultra Rare,#BACH-EN060,$13.06,$8.71,48,0
Blue-Eyes Jet Dragon,Secret Rare,#BACH-EN004,$20.78,$8.71,65,1
Triple Tactics Talent,Secret Rare,#ROTD-EN062,$39.99,$8.71,37,12
Terraforming,Secret Rare,#BLMR-EN087,$1.40,$8.71,37,12
Big Welcome Labrynth,Ultra Rare,#PHHY-EN077,$4.16,$8.71,107,0
Vicious Astraloud,Secret Rare,#CYAC-EN036,$6.45,$8.71,127,0
Purrely Pretty Memory,Ultra Rare,#AMDE-EN022,$10.10,$8.71,98,1
Patissciel Couverture (Starlight Rare),Starlight Rare,#DIFO-EN083,$70.00,$8.71,25,0
Dark Magician,Ultra Rare,#SDY-006,$0.74,$8.71,282,95
Magicians' Souls,Secret Rare,#BROL-EN066,$23.98,$8.71,55,9
Blue-Eyes White Dragon (Quarter Century Secret Rare),Quarter Century Secret Rare,#LC01-EN004,$12.75,$8.71,117,0
My Friend Purrely,Ultra Rare,#AMDE-EN020,$11.50,$8.71,137,1
Sky Striker Ace - Raye,Ultimate Rare,#OP20-EN002,$25.00,$38.33,87,1
Baronne de Fleur (CR),Collector's Rare,#MAZE-EN051,$185.00,$38.33,41,0
Gold Pride - Leon,Secret Rare,#PHHY-EN086,$8.00,$38.33,92,0
Number 90: Galaxy-Eyes Photon Lord,Secret Rare,#BLRR-EN033,$43.99,$38.33,34,0
I:P Masquerena (Quarter Century Secret Rare),Quarter Century Secret Rare,#BLMR-EN085,$285.94,$38.33,28,0
Ultimate Slayer,Secret Rare,#POTE-EN067,$15.48,$38.33,119,3
Blue-Eyes White Dragon (Ghost Rare),Ghost Rare,#GFP2-EN175,$140.00,$38.33,41,0
Kashtira Arise-Heart (Starlight Rare),Starlight Rare,#PHHY-EN046,$170.99,$38.33,29,0
Bystial Druiswurm,Super Rare,#DABL-EN008,$2.99,$38.33,181,1
Despian Luluwalilith (Starlight Rare),Starlight Rare,#CYAC-EN042,$190.00,$38.33,23,0
Crossout Designator,Prismatic Secret Rare,#MP22-EN265,$8.80,$38.33,68,8
Sky Striker Mobilize - Engage!,Secret Rare,#BLMR-EN091,$6.18,$38.33,95,2
Firewall Defenser,Ultra Rare,#CYAC-EN001,$3.57,$38.33,138,0
Judgment Dragon,Ultimate Rare,#TU01-EN000,$194.99,$38.33,34,0
Gimmick Puppet Nightmare,Super Rare,#NUMH-EN009,$17.00,$38.33,34,3
Time-Tearing Morganite,Super Rare,#CYAC-EN067,$2.43,$38.33,181,0
Granguignol the Dusk Dragon,Ultra Rare,#PHHY-EN033,$5.75,$38.33,111,3
"Chaos Emperor, the Dragon of Armageddon",Secret Rare,#BLAR-EN051,$71.40,$38.33,24,0
I:P Masquerena,Secret Rare,#BLMR-EN085,$2.79,$38.33,104,8
Infinite Impermanence,Secret Rare,#FLOD-EN077,$44.95,$38.33,46,70
Gold Pride - Roller Baller,Secret Rare,#CYAC-EN086,$6.49,$38.33,128,0
Accel Synchro Stardust Dragon (CR),Collector's Rare,#MAZE-EN019,$120.00,$38.33,37,0
Water Enchantress of the Temple,Ultimate Rare,#OP19-EN002,$26.95,$38.33,67,3
Mirrorjade the Iceblade Dragon (Starlight Rare),Starlight Rare,#PHHY-EN100,$349.97,$38.33,22,0
Sky Striker Ace - Kagari,Ultimate Rare,#OP08-EN002,$125.00,$177.33,43,0
Tearlaments Reinoheart,Ultimate Rare,#OP21-EN002,$17.00,$177.33,55,0
Vanquish Soul Pantera,Ultra Rare,#WISU-EN017,$1.95,$177.33,157,0
Sky Striker Mobilize - Engage! (Quarter Century Secret Rare),Quarter Century Secret Rare,#BLMR-EN091,$240.94,$177.33,32,0
Icejade Ran Aegirine,Ultra Rare,#CYAC-EN010,$3.91,$177.33,28,0
Borreload Savage Dragon,Secret Rare,#BLCR-EN083,$11.40,$177.33,103,0
Rite of Aramesir (CR),Collector's Rare,#GRCR-EN025,$77.99,$177.33,42,0
Welcome Labrynth (Quarter Century Secret Rare),Quarter Century Secret Rare,#BLMR-EN102,$92.00,$177.33,28,0
Xeno Meteorus,Super Rare,#WISU-EN001,$0.50,$177.33,115,0
Effect Veiler (Starlight Rare),Starlight Rare,#ETCO-EN100,$471.99,$177.33,20,0
Ha-Re the Sword Mikanko (CR),Collector's Rare,#AMDE-EN025,$73.04,$177.33,3,0
Swordsoul of Mo Ye,Ultra Rare,#MAMA-EN034,$6.40,$177.33,113,2
"Apollousa, Bow of the Goddess (Starlight Rare)",Starlight Rare,#RIRA-EN048,"$1,250.00",$177.33,21,0
"Chiwen, Light of the Yang Zing",Ultra Rare,#MP15-EN087,$18.99,$177.33,23,0
Spright Starter,Ultra Rare,#POTE-EN055,$6.25,$177.33,128,0
Arianna the Labrynth Servant (CR),Collector's Rare,#TAMA-EN017,$76.81,$177.33,21,0
Solemn Judgment,Super Rare,#MAZE-EN063,$1.99,$177.33,248,24
Fire Formation - Tenki (CR),Collector's Rare,#WISU-EN028,$24.99,$177.33,57,0
"Dogoran, the Mad Flame Kaiju (Secret Rare)",Secret Rare,#SGX2-ENC08,$4.44,$177.33,25,0
Shadow's Light,Secret Rare,#BLMR-EN037,$1.44,$177.33,109,1
Welcome Labrynth,Secret Rare,#BLMR-EN102,$2.95,$177.33,74,2
Rescue-ACE Hydrant (CR),Collector's Rare,#AMDE-EN004,$88.90,$177.33,9,0
Dark Magician Girl (Secret Pharaoh's Rare),Secret Pharaoh’s Rare,#MAMA-EN107,$548.89,$177.33,14,0
Danger! Nessie!,Secret Rare,#BLMR-EN059,$0.90,$177.33,57,8
Cyber Dragon (UTR),Ultimate Rare,#CRV-EN015,$107.11,$652.04,36,0
Evilswarm Exciton Knight,Ultra Rare,#BLLR-EN068,$7.84,$652.04,68,6
Dark Paladin,Secret Rare,#DMG-001,$3.99,$652.04,77,1
Dark Magician,Ultra Rare,#25TH-EN001,$65.00,$652.04,52,95
Guardian Chimera,Ultra Rare,#MAZE-EN049,$6.95,$652.04,164,6
Evenly Matched,Ultra Rare,#MAMA-EN099,$5.15,$652.04,210,48
Lady Labrynth of the Silver Castle (Quarter Century Secret Rare),Quarter Century Secret Rare,#BLMR-EN104,$137.44,$652.04,24,0
Drytron Nova,Ultra Rare,#GEIM-EN033,$10.00,$652.04,64,0
"Aussa the Earth Charmer, Immovable (Starlight Rare)",Starlight Rare,#IGAS-EN048,$160.99,$652.04,46,0
Snowdrop the Rikka Fairy,Super Rare,#SESL-EN019,$14.45,$652.04,37,0
Noh-P.U.N.K. Foxy Tune,Ultra Rare,#GRCR-EN005,$7.75,$652.04,98,2
"Rex, Freight Fur Hire",Super Rare,#DABL-EN027,$2.00,$652.04,42,0
Scareclaw Reichheart,Ultra Rare,#DIFO-EN012,$4.00,$652.04,129,0
Trap Dustshoot,Common / Short Print,#PGD-049,$4.21,$652.04,177,0
"Apollousa, Bow of the Goddess",Ultra Rare,#MAMA-EN075,$5.35,$652.04,125,6
Magicians' Souls,Ultra Rare,#LDS3-EN088,$23.88,$652.04,54,9
Forbidden Droplet,Ultra Rare,#LED9-EN056,$14.75,$652.04,111,5
"Chiwen, Light of the Yang Zing",Ultra Rare,#DUEA-EN032,$19.00,$652.04,33,0
Live Twin Lil-la (CR),Collector's Rare,#GEIM-EN014,$62.00,$652.04,18,0
Ash Blossom & Joyous Spring,Ultra Rare,#DUDE-EN003,$6.44,$652.04,150,80
Accesscode Talker (Starlight Rare),Starlight Rare,#BLCR-EN093,$375.00,$652.04,33,0
Wake Up Your Elemental HERO,Ultra Rare,#MAZE-EN014,$5.49,$652.04,120,0
Purrely (CR),Collector's Rare,#AMDE-EN013,$85.50,$652.04,49,0
Aluber the Jester of Despia,Ultimate Rare,#OP20-EN003,$21.98,$652.04,65,9
Santa Claws,Gold Secret Rare,#PGL2-EN021,$4.98,$10.95,115,0
Gigantic Spright,Ultra Rare,#POTE-EN047,$3.50,$10.95,89,0
Clockwork Night,Secret Rare,#BLCR-EN007,$4.00,$10.95,134,0
"Blazing Cartesia, the Virtuous (Starlight Rare)",Starlight Rare,#DABL-EN011,$255.00,$10.95,17,0
Grave of the Super Ancient Organism,Super Rare,#OP20-EN012,$2.36,$10.95,44,0
"Nibiru, the Primal Being",Ultimate Rare,#OP14-EN003,$139.99,$10.95,46,25
Granguignol the Dusk Dragon (Starlight Rare),Starlight Rare,#PHHY-EN033,$249.85,$10.95,16,0
Machine Duplication (UTR),Ultimate Rare,#RDS-EN041,$12.48,$10.95,123,0
I:P Masquerena (Alternate Art),Premium Gold Rare,#MGED-EN035,$10.00,$10.95,80,0
Worldsea Dragon Zealantis,Secret Rare,#DABL-EN050,$6.45,$10.95,119,0
Lady Labrynth of the Silver Castle (Starlight Rare),Starlight Rare,#DABL-EN030,$259.00,$10.95,13,0
Welcome Labrynth,Ultra Rare,#TAMA-EN023,$4.50,$10.95,138,2
Red-Eyes Dark Dragoon,Starlight Rare,#BROL-EN094,$289.95,$10.95,39,9
Ultimate Offering,Super Rare,#CP04-EN002,$59.95,$10.95,5,1
Firewall Dragon Singularity (Starlight Rare),Starlight Rare,#CYAC-EN047,$79.99,$10.95,56,0
The Dark Magicians,Secret Rare,#LDS3-EN090,$7.23,$10.95,126,1
Ash Blossom & Joyous Spring,Secret Rare,#MACR-EN036,$16.98,$10.95,102,80
Tearlaments Rulkallos (Starlight Rare),Starlight Rare,#DABL-EN039,$165.00,$10.95,17,0
Substitoad,Rare,#LODT-EN028,$14.93,$10.95,82,0
Fateful Adventure (CR),Collector's Rare,#GRCR-EN029,$38.01,$10.95,14,0
Swordsoul Grandmaster - Chixiao (Starlight Rare),Starlight Rare,#BODE-EN041,$161.66,$10.95,12,0
Fallen of Albaz,Ultimate Rare,#OP19-EN001,$15.50,$10.95,58,21
Ghost Belle & Haunted Mansion (Starlight Rare),Starlight Rare,#DIFO-EN100,$299.99,$10.95,25,0
Swordsoul Emergence,Ultra Rare,#MAMA-EN041,$3.60,$10.95,100,0
Red-Eyes B. Dragon,Secret Rare,#BPT-005,$7.86,$99.27,79,0
Branded Opening,Prismatic Secret Rare,#MP22-EN155,$2.24,$99.27,172,6
Dark Magician (Quarter Century Secret Rare),Quarter Century Secret Rare,#LC01-EN005,$9.15,$99.27,104,0
PSY-Framegear Epsilon,Common / Short Print,#HSRD-EN033,$3.00,$99.27,9,0
Slifer the Sky Dragon (Quarter Century Secret Rare),Quarter Century Secret Rare,#LC01-EN002,$8.33,$99.27,79,0
Herald of the Arc Light,Ultra Rare,#BLHR-EN085,$4.48,$99.27,40,4
I:P Masquerena,Premium Gold Rare,#MGED-EN035,$7.98,$99.27,93,8
Sky Striker Ace - Shizuku,Ultimate Rare,#OP09-EN003,$109.91,$99.27,41,0
Kashtira Arise-Heart,Secret Rare,#PHHY-EN046,$3.70,$99.27,184,0
Infinite Impermanence,Ultimate Rare,#OP17-EN002,$149.99,$99.27,38,70
Dark Magician,Secret Rare,#BPT-001,$12.00,$99.27,89,95
Water Enchantress of the Temple,Ultra Rare,#GRCR-EN026,$4.00,$99.27,117,3
Ghost Belle & Haunted Mansion,Prismatic Secret Rare,#MP22-EN258,$2.25,$99.27,146,0
Black Brutdrago,Super Rare,#SOVR-EN043,$24.99,$99.27,13,0
Super Polymerization,Ultimate Rare,#OP14-EN001,$67.98,$99.27,53,28
Evenly Matched,Secret Rare,#CIBR-EN077,$15.00,$99.27,58,48
Sunavalon Dryas,Ultra Rare,#GFTP-EN018,$3.49,$99.27,63,0
Sky Striker Maneuver - Afterburners!,Super Rare,#MP19-EN261,$5.74,$99.27,29,0
Infinite Impermanence,Premium Gold Rare,#MAGO-EN052,$10.50,$99.27,94,70
Gemini Soldier,Common / Short Print,#SDWS-EN004,$7.49,$99.27,20,0
Dark Ruler No More,Prismatic Secret Rare,#TN19-EN014,$4.50,$99.27,70,16
Chef's Special Recipe (CR),Collector's Rare,#WISU-EN040,$18.80,$99.27,45,0
Dinomorphia Therizia,Secret Rare,#BACH-EN009,$8.25,$99.27,74,0
Crystal Beast Sapphire Pegasus (UTR),Ultimate Rare,#FOTB-EN007,$42.57,$99.27,48,0
Divine Arsenal AA-ZEUS - Sky Thunder,Secret Rare,#PHRA-EN045,$18.94,$26.79,67,28
Number F0: Utopic Draco Future,Secret Rare,#BLCR-EN085,$6.75,$26.79,85,2
The Bystial Lubellion (Quarter Century Secret Rare),Quarter Century Secret Rare,#BLMR-EN103,$192.44,$26.79,20,0
Beyond the Pendulum,Secret Rare,#DIFO-EN048,$8.09,$26.79,111,2
Kashtira Unicorn,Ultra Rare,#DABL-EN013,$3.00,$26.79,182,0
Dark Armed Dragon,Ultimate Rare,#TU06-EN000,$298.59,$26.79,21,4
Herald of the Arc Light,Premium Gold Rare,#MAGO-EN028,$3.00,$26.79,65,4
"Dark Armed, the Dragon of Annihilation",Secret Rare,#BLAR-EN050,$8.99,$26.79,37,0
Rescue-ACE Turbulence (CR),Collector's Rare,#AMDE-EN007,$44.00,$26.79,18,0
Blue-Eyes White Dragon,Ultra Rare,#YAP1-EN001,$34.00,$26.79,86,9
Phoenix Wing Wind Blast (UTR),Ultimate Rare,#FET-EN053,$17.75,$26.79,63,0
"Gameciel, the Sea Turtle Kaiju",Secret Rare,#BLRR-EN075,$20.98,$26.79,40,3
Skill Drain,Ultimate Rare,#OP19-EN003,$25.99,$26.79,51,10
Runick Tip (CR),Collector's Rare,#TAMA-EN029,$60.00,$26.79,31,0
Ghost Reaper & Winter Cherries,Ultimate Rare,#OP20-EN001,$15.01,$26.79,62,0
Marincess Dive,Ultra Rare,#LED9-EN035,$6.88,$26.79,85,1
Knightmare Corruptor Iblee,Secret Rare,#BLMR-EN057,$0.95,$26.79,81,6
Rite of Aramesir (Quarter Century Secret Rare),Quarter Century Secret Rare,#BLMR-EN093,$82.44,$26.79,26,0
Divine Arsenal AA-ZEUS - Sky Thunder (Starlight Rare),Starlight Rare,#PHRA-EN045,$400.00,$26.79,28,0
Evil Twin's Trouble Sunny (Starlight Rare),Starlight Rare,#BODE-EN051,$160.00,$26.79,27,0
Underworld Goddess of the Closed World,Prismatic Secret Rare,#MP22-EN028,$2.20,$26.79,153,6
The Winged Dragon of Ra (Quarter Century Secret Rare),Quarter Century Secret Rare,#LC01-EN003,$8.84,$26.79,95,0
Live Twin Ki-sikil,Super Rare,#GEIM-EN013,$1.22,$26.79,55,0
Purrely Pretty Memory (CR),Collector's Rare,#AMDE-EN022,$60.00,$26.79,41,0
Golden Rule,Secret Rare,#BLMR-EN035,$0.75,$1.32,102,1
Effect Veiler (UTR),Ultimate Rare,#DREV-EN002,$77.95,$1.32,78,0
Scareclaw Tri-Heart,Secret Rare,#DIFO-EN049,$4.69,$1.32,119,0
Live Twin Ki-sikil Frost (Starlight Rare),Starlight Rare,#LIOV-EN017,$172.09,$1.32,20,0
Droll & Lock Bird (CR),Collector's Rare,#TAMA-EN047,$66.50,$1.32,37,0
Obelisk the Tormentor (Quarter Century Secret Rare),Quarter Century Secret Rare,#LC01-EN001,$7.29,$1.32,102,0
Royal Oppression,Rare,#LOD-091,$4.48,$1.32,120,0
Elemental Hero Air Neos,Ultra Rare,#STON-EN034,$110.98,$1.32,44,0
Forbidden Droplet,Secret Rare,#BROL-EN090,$15.00,$1.32,75,5
"Dogmatika Ecclesia, the Virtuous",Prismatic Secret Rare,#MP21-EN101,$2.99,$1.32,187,2
Miracle Fusion (UTR),Ultimate Rare,#CRV-EN039,$34.98,$1.32,34,0
Terraforming,Ultimate Rare,#OP05-EN003,$79.00,$1.32,42,12
Dark Magician (Adidas Exclusive),Prismatic Secret Rare,#ADC1-EN001,$100.49,$1.32,24,0
PSY-Framegear Delta,Rare,#HSRD-EN032,$7.45,$1.32,26,0
"Wynn the Wind Charmer, Verdant (Starlight Rare)",Starlight Rare,#RIRA-EN046,$914.69,$1.32,23,0
Dark Magician (Ghost Rare),Ghost Rare,#GFTP-EN128,$408.27,$1.32,23,0
Solemn Strike,Ultimate Rare,#OP04-EN003,$99.99,$1.32,42,2
"Nibiru, the Primal Being",Prismatic Secret Rare,#TN19-EN013,$5.00,$1.32,118,25
Elemental HERO Flame Wingman - Infernal Rage,Secret Rare,#BLMR-EN012,$1.39,$1.32,112,1
Egyptian God Slime,Ultra Rare,#LED7-EN001,$50.00,$1.32,54,0
Divine Arsenal AA-ZEUS - Sky Thunder,Ultimate Rare,#OP18-EN002,$54.98,$1.32,42,28
Blue-Eyes White Dragon,Secret Rare,#BPT-003,$1.99,$1.32,109,9
Destiny HERO - Destroyer Phoenix Enforcer,Prismatic Secret Rare,#MP22-EN209,$3.50,$1.32,134,4
PSY-Framegear Gamma (CR),Collector's Rare,#TOCH-EN036,$169.98,$1.32,26,0
Ultimate Slayer (Starlight Rare),Starlight Rare,#POTE-EN067,$128.65,$138.30,47,0
"Nibiru, the Primal Being",Secret Rare,#BROL-EN080,$6.78,$138.30,103,25
Pot of Prosperity (Starlight Rare),Starlight Rare,#BLVO-EN065,$495.96,$138.30,30,0
Lightning Storm (Starlight Rare),Starlight Rare,#IGAS-EN067,$175.00,$138.30,40,0
Summoned Skull,Secret Rare,#BPT-002,$4.00,$138.30,74,3
Dark Magician Girl,Prismatic Secret Rare,#MP22-EN268,$10.00,$138.30,126,30
Raidraptor - Arsenal Falcon,Super Rare,#ROTD-EN094,$2.40,$138.30,68,1
Blackwing - Vayu the Emblem of Honor (UTR),Ultimate Rare,#ANPR-EN005,$25.69,$138.30,54,0
Water Enchantress of the Temple (CR),Collector's Rare,#GRCR-EN026,$55.98,$138.30,44,0
"Eria the Water Charmer, Gentle (Starlight Rare)",Starlight Rare,#ETCO-EN055,$684.00,$138.30,22,0
Triple Tactics Talent (Secret Pharaoh's Rare),Secret Pharaoh’s Rare,#MAMA-EN090,$110.00,$138.30,16,0
Knightmare Corruptor Iblee,Ultra Rare,#MP19-EN011,$5.00,$138.30,112,6
Trap Dustshoot,Super Rare,#CP05-EN005,$298.99,$138.30,13,0
Dimension Shifter,Prismatic Secret Rare,#TN19-EN012,$1.99,$138.30,108,1
Red-Eyes B. Dragon,Ultra Rare,#SDJ-001,$0.44,$138.30,384,0
Blue-Eyes White Dragon,Ultra Rare,#CT13-EN008,$5.95,$138.30,63,9
Pot of Extravagance,Common / Short Print,#SDAZ-EN028,$1.15,$138.30,138,3
Forbidden Droplet,Ultimate Rare,#OP16-EN003,$162.00,$138.30,47,5
Guardian Chimera,Secret Rare,#BACH-EN040,$7.49,$138.30,124,6
Blackwing - Sudri the Phantom Glimmer,Ultra Rare,#DABL-EN004,$5.72,$138.30,34,0
Soul Servant,Secret Rare,#LDS3-EN095,$6.45,$138.30,153,1
Dinomorphia Domain,Secret Rare,#BACH-EN068,$4.88,$138.30,81,0
"Bingo Machine, Go!!!",Secret Rare,#LDS2-EN028,$18.99,$138.30,47,1
Gold Pride - Captain Carrie,Ultra Rare,#PHHY-EN088,$1.73,$138.30,125,0
Chamber Dragonmaid,Premium Gold Rare,#MGED-EN022,$5.49,$7.19,90,0
Thunder King Rai-Oh,Secret Rare,#YG02-EN001,$24.75,$7.19,26,0
Blue-Eyes Toon Dragon,Secret Rare,#MRL-000,$29.99,$7.19,44,0
Icejade Gymir Aegirine,Ultra Rare,#PHHY-EN038,$3.00,$7.19,122,0
Archlord Kristya,Secret Rare,#SOVR-EN096,$65.02,$7.19,35,1
Tearlaments Reinoheart,Ultra Rare,#POTE-EN015,$3.50,$7.19,154,0
Pulling the Rug,Rare,#STON-EN060,$6.98,$7.19,29,1
Morphing Jar,Ultra Rare,#TP2-001,"$3,498.99",$7.19,7,0
Blue-Eyes Shining Dragon,Secret Rare,#RP02-EN096,$324.00,$7.19,9,1
Infernoble Knight - Renaud (CR),Collector's Rare,#AMDE-EN038,$42.98,$7.19,37,0
Rindbrumm the Striking Dragon,Ultra Rare,#PHHY-EN034,$2.44,$7.19,192,2
Mikanko Reflection Rondo (CR),Collector's Rare,#AMDE-EN033,$30.99,$7.19,19,0
Ni-Ni the Mirror Mikanko (CR),Collector's Rare,#AMDE-EN026,$41.00,$7.19,19,0
"Dharc the Dark Charmer, Gloomy",Super Rare,#BACH-EN049,$1.51,$7.19,160,0
Kashtira Riseheart,Ultra Rare,#PHHY-EN006,$1.75,$7.19,170,0
Wake Up Your Elemental HERO (CR),Collector's Rare,#MAZE-EN014,$53.11,$7.19,57,0
Small World,Secret Rare,#BODE-EN069,$8.95,$7.19,55,4
Nadir Servant,Secret Rare,#ROTD-EN052,$19.99,$7.19,65,4
Alba-Lenatus the Abyss Dragon,Secret Rare,#DIFO-EN035,$5.29,$7.19,146,0
"Dogmatika Ecclesia, the Virtuous",Ultimate Rare,#OP18-EN001,$23.45,$7.19,65,2
Droll & Lock Bird,Premium Gold Rare,#MAGO-EN006,$5.50,$7.19,89,16
Stardust Dragon (Starlight Rare),Starlight Rare,#DAMA-EN100,$639.00,$7.19,20,0
Unchained Abomination,Prismatic Secret Rare,#MP20-EN175,$4.14,$7.19,56,0
Runick Fountain (CR),Collector's Rare,#TAMA-EN027,$44.00,$7.19,33,0
Live Twin Ki-sikil (CR),Collector's Rare,#GEIM-EN013,$54.99,$65.53,25,0
Blackwing Armor Master,Gold Rare,#PGLD-EN077,$13.26,$65.53,52,0
Red-Eyes Black Dragon (Quarter Century Secret Rare),Quarter Century Secret Rare,#LC01-EN006,$6.00,$65.53,125,0
Phantasmal Lord Ultimitl Bishbaalkin,Gold Secret Rare,#PGL3-EN006,$5.48,$65.53,31,0
Swordsoul of Mo Ye,Secret Rare,#BODE-EN003,$9.00,$65.53,72,2
Sky Striker Ace - Hayate,Ultimate Rare,#OP10-EN002,$42.50,$65.53,37,0
Chamber Dragonmaid,Secret Rare,#ETCO-EN026,$21.95,$65.53,34,0
Tuning,Ultra Rare,#LDS3-EN122,$1.73,$65.53,27,2
"Selene, Queen of the Master Magicians",Secret Rare,#BLCR-EN092,$5.99,$65.53,114,0
Teardrop the Rikka Queen (CR),Collector's Rare,#MAZE-EN053,$34.48,$65.53,28,0
Aluber the Jester of Despia,Ultra Rare,#GFP2-EN097,$1.99,$65.53,249,9
Timaeus the United Dragon,Ultra Rare,#BACH-EN003,$3.99,$65.53,94,0
Red Dragon Archfiend (Ghost Rare),Ghost Rare,#GFP2-EN182,$46.95,$65.53,46,0
"Maxx ""C""",Super Rare,#CT09-EN012,$11.69,$65.53,78,6
Blue-Eyes White Dragon,Ultra Rare,#LOB-001,$8.50,$65.53,94,9
Platinum Gadget,Ultra Rare,#DUPO-EN039,$1.69,$65.53,155,0
Parallel eXceed,Prismatic Secret Rare,#MP21-EN043,$2.00,$65.53,129,10
Danger! Nessie!,Premium Gold Rare,#MGED-EN019,$1.99,$65.53,149,8
The Winged Dragon of Ra - Sphere Mode,Super Rare,#CIBR-ENSE2,$9.99,$65.53,88,0
Dark Magician the Knight of Dragon Magic,Secret Rare,#BLMR-EN001,$1.35,$65.53,115,1
My Friend Purrely (CR),Collector's Rare,#AMDE-EN020,$56.57,$65.53,41,0
Elemental HERO Liquid Soldier,Secret Rare,#LDS3-EN103,$6.75,$65.53,173,1
Accesscode Talker,Secret Rare,#ETCO-EN046,$40.98,$65.53,45,15
Herald of Orange Light,Super Rare,#OP20-EN005,$1.25,$65.53,76,0
Toon Black Luster Soldier,Secret Rare,#BLCR-EN065,$5.95,$6.86,141,1
Kurikara Divincarnate (Starlight Rare),Starlight Rare,#POTE-EN031,$215.00,$6.86,19,0
Stardust Dragon (CR),Collector's Rare,#TOCH-EN050,$88.11,$6.86,21,0
Book of Moon,Ultimate Rare,#OP13-EN001,$75.00,$6.86,27,18
Ghost Belle & Haunted Mansion,Secret Rare,#FLOD-EN033,$3.99,$6.86,80,0
Alba-Lenatus the Abyss Dragon (Starlight Rare),Starlight Rare,#DIFO-EN035,$84.95,$6.86,39,0
"Gigantic ""Champion"" Sargas",Secret Rare,#PHHY-EN045,$3.98,$6.86,162,0
I:P Masquerena (Starlight Rare),Starlight Rare,#CHIM-EN049,$999.00,$6.86,31,0
Armed Neos,Secret Rare,#BLMR-EN002,$2.39,$6.86,84,1
RESCUE!,Ultra Rare,#AMDE-EN009,$2.95,$6.86,53,0
Chaos Space,Secret Rare,#BLCR-EN073,$1.90,$6.86,199,2
Evil Twin Ki-sikil,Secret Rare,#BLCR-EN096,$1.50,$6.86,95,0
Yata-Garasu (Starlight Rare),Starlight Rare,#BLCR-EN098,$106.48,$6.86,40,0
Number 11: Big Eye,Ultra Rare,#BLLR-EN066,$5.65,$6.86,100,4
Sky Striker Mecha Modules - Multirole,Secret Rare,#DASA-EN038,$4.19,$6.86,110,0
Left Leg of the Forbidden One (Starlight Rare),Starlight Rare,#BLCR-EN103,$165.00,$6.86,26,0
Dark Ruler No More,Ultra Rare,#MP22-EN262,$1.20,$6.86,192,16
Right Leg of the Forbidden One (Starlight Rare),Starlight Rare,#BLCR-EN102,$179.94,$6.86,22,0
Droll & Lock Bird,Ultra Rare,#LCKC-EN077,$6.95,$6.86,65,16
Honest (Ghost Rare),Ghost Rare,#LODT-EN001,$43.49,$6.86,72,0
Sky Striker Maneuver - Afterburners!,Ultra Rare,#BLHR-EN091,$5.00,$6.86,23,0
Gemini Spark,Super Rare,#AP02-EN011,$9.98,$6.86,15,0
Magicians' Souls (Red),Ultra Rare,#LDS3-EN088,$17.03,$6.86,54,0
Reinforcement of the Army (CR),Collector's Rare,#KICO-EN051,$90.00,$6.86,17,0
Elemental HERO Neos,Secret Rare,#CT03-EN001,$1.99,$24.50,68,4
Blue-Eyes Tyrant Dragon,Ultra Rare,#BACH-EN037,$4.91,$24.50,85,0
Branded Opening,Super Rare,#DAMA-EN054,$2.00,$24.50,143,6
Evil Twin Ki-sikil (CR),Collector's Rare,#GEIM-EN015,$59.99,$24.50,29,0
Blue-Eyes Alternative White Dragon (Ghost Rare),Ghost Rare,#GFTP-EN129,$107.99,$24.50,32,0
Black Luster Soldier - Soldier of Chaos,Ultra Rare,#MAMA-EN073,$2.40,$24.50,192,0
Gozen Match,Ultra Rare,#MAMA-EN098,$1.40,$24.50,160,1
Elemental HERO Stratos (Starlight Rare),Starlight Rare,#BODE-EN100,$273.94,$24.50,14,0
"Lyna the Light Charmer, Lustrous (Starlight Rare)",Starlight Rare,#LIOV-EN049,$465.49,$24.50,37,0
Eldlich the Golden Lord,Secret Rare,#SESL-EN027,$34.00,$24.50,53,2
Bystial Saronir,Super Rare,#DABL-EN007,$0.70,$24.50,184,2
Fallen of Albaz,Secret Rare,#ROTD-EN011,$15.49,$24.50,36,21
Destructive Daruma Karma Cannon,Ultra Rare,#DABL-EN084,$3.49,$24.50,96,1
Quick Launch,Common / Short Print,#SDRR-EN025,$2.44,$24.50,36,2
Number 38: Hope Harbinger Dragon Titanic Galaxy,Ultra Rare,#GFP2-EN143,$1.70,$24.50,125,1
Sky Striker Ace - Roze (Starlight Rare),Starlight Rare,#IGAS-EN020,$299.99,$24.50,19,0
Rikka Glamour,Ultra Rare,#MAZE-EN062,$1.99,$24.50,78,0
Meteonis Drytron,Ultra Rare,#GEIM-EN032,$7.48,$24.50,82,0
Borreload Savage Dragon,Prismatic Secret Rare,#MP20-EN017,$11.88,$24.50,106,0
Elemental HERO Prisma,Super Rare,#FUEN-EN047,$5.74,$24.50,125,3
Black Luster Soldier - Legendary Swordsman,Ultra Rare,#MAZE-EN011,$2.49,$24.50,167,0
The Winged Dragon of Ra - Sphere Mode,Ultra Rare,#DUPO-EN045,$9.99,$24.50,100,0
Exosister Martha,Secret Rare,#POTE-EN025,$4.89,$24.50,130,0
Dark Hole,Secret Rare,#BLMR-EN086,$0.70,$24.50,77,2
Anti-Spell Fragrance (CR),Collector's Rare,#TAMA-EN056,$39.95,$45.16,28,0
Droll & Lock Bird,Ultimate Rare,#OP08-EN001,$169.98,$45.16,36,16
Emergency Teleport (UTR),Ultimate Rare,#TDGS-EN053,$16.99,$45.16,94,0
Expurrely Noir (CR),Collector's Rare,#AMDE-EN018,$44.21,$45.16,49,0
Snake Rain (CR),Collector's Rare,#ANGU-EN051,$45.00,$45.16,19,0
Red-Eyes Black Dragon (Ghost Rare),Ghost Rare,#GFP2-EN176,$68.95,$45.16,55,0
Dinowrestler Pankratops (CR),Collector's Rare,#ANGU-EN046,$148.91,$45.16,15,0
Red-Eyes Dark Dragoon,Ultra Rare,#MP20-EN249,$16.76,$45.16,84,9
Solemn Judgment,Ultimate Rare,#OP12-EN003,$90.87,$45.16,40,24
Metamorphosis,Common / Short Print,#PGD-090,$1.00,$45.16,301,2
Monster Reincarnation (UTR),Ultimate Rare,#RDS-EN045,$13.01,$45.16,33,0
Anotherverse Dragon (SR),Super Rare,#YCSW-EN013,$800.00,$45.16,4,0
Valkyrion the Magna Warrior,Secret Rare,#RP02-EN092,$118.99,$45.16,14,0
Pot of Desires,Secret Rare,#TDIL-EN066,$15.50,$45.16,70,8
Super Polymerization,Ultra Rare,#DUDE-EN040,$2.00,$45.16,152,28
Blue-Eyes Alternative Ultimate Dragon,Prismatic Secret Rare,#TN19-EN001,$6.87,$45.16,129,1
Elemental HERO Stratos,Ultimate Rare,#OP09-EN001,$79.99,$45.16,42,2
Water Enchantress of the Temple (Quarter Century Secret Rare),Quarter Century Secret Rare,#BLMR-EN065,$58.90,$45.16,30,0
Cynet Mining,Rare,#MGED-EN148,$1.66,$45.16,106,2
Primitive Planet Reichphobia,Ultra Rare,#DIFO-EN058,$3.00,$45.16,114,0
"Isolde, Two Tales of the Noble Knights (CR)",Collector's Rare,#AMDE-EN052,$54.99,$45.16,39,0
Abyss Shark,Ultra Rare,#LED9-EN001,$2.95,$45.16,100,0
Lord of the Heavenly Prison,Prismatic Secret Rare,#MP22-EN205,$1.69,$45.16,194,0
Dark Armed Dragon (Ghost Rare),Ghost Rare,#GFP2-EN179,$35.95,$45.16,51,0
Lovely Labrynth of the Silver Castle (CR),Collector's Rare,#TAMA-EN014,$51.99,$53.56,27,0
Lava Golem,Secret Rare,#PGD-107,$4.01,$53.56,188,4
Starliege Seyfert,Secret Rare,#CHIM-EN014,$22.97,$53.56,23,2
Aluber the Jester of Despia,Prismatic Secret Rare,#MP22-EN123,$2.25,$53.56,151,9
Blue-Eyes White Dragon,Prismatic Secret Rare,#MP22-EN266,$7.00,$53.56,119,9
Fusion Destiny,Secret Rare,#BLCR-EN088,$0.75,$53.56,188,0
Parallel eXceed,Common / Short Print,#ETCO-EN001,$0.41,$53.56,120,10
Raider's Wing,Ultra Rare,#PHRA-EN001,$2.49,$53.56,43,1
Harpie's Feather Duster,Secret Rare,#SDD-003,$2.97,$53.56,132,14
"Beat, Bladesman Fur Hire",Secret Rare,#DASA-EN017,$18.99,$53.56,6,0
Book of Eclipse,Secret Rare,#BLMR-EN090,$0.50,$53.56,60,1
Dark Magician Girl (2020),Ultra Rare,#LART-EN019,$26.00,$53.56,51,0
Number F0: Utopic Draco Future (CR),Collector's Rare,#KICO-EN013,$52.50,$53.56,31,0
Gold Pride - Captain Carrie (Starlight Rare),Starlight Rare,#PHHY-EN088,$129.45,$53.56,55,0
Lightning Storm,Secret Rare,#IGAS-EN067,$15.00,$53.56,57,16
Exodia the Forbidden One (Dark Duel Stories),Secret Rare,#DDS-003,$24.97,$53.56,45,0
Fusion Destiny,Ultimate Rare,#OP18-EN003,$20.00,$53.56,50,0
B. Skull Dragon,Secret Rare,#BPT-006,$2.99,$53.56,94,0
Deck Devastation Virus (UTR),Ultimate Rare,#FET-EN058,$83.98,$53.56,39,0
E - Emergency Call,Secret Rare,#RYMP-EN024,$11.46,$53.56,47,1
"Hamon, Lord of Striking Thunder (UTR)",Ultimate Rare,#SOI-EN002,$69.69,$53.56,21,0
Allure of Darkness (UTR),Ultimate Rare,#PTDN-EN084,$41.95,$53.56,103,0
ALERT!,Ultra Rare,#AMDE-EN010,$2.99,$53.56,58,0
Herald of Orange Light,Ultimate Rare,#OP07-EN001,$99.99,$53.56,16,0
Pot of Duality,Ultimate Rare,#AP05-EN003,$134.99,$218.67,29,1
Magicians' Souls,Ultra Rare,#LED6-EN002,$23.28,$218.67,58,9
Allure of Darkness,Rare,#WISU-EN054,$0.10,$218.67,127,8
Ghost Ogre & Snow Rabbit,Prismatic Secret Rare,#MP22-EN255,$1.88,$218.67,153,9
Infinite Impermanence,Ultra Rare,#DUOV-EN099,$11.99,$218.67,42,70
Forbidden Chalice (UTR),Ultimate Rare,#RGBT-EN061,$34.99,$218.67,117,0
Number 39: Utopia Double,Ultra Rare,#DUPO-EN008,$12.29,$218.67,62,0
Number 41: Bagooska the Terribly Tired Tapir,Rare,#MGED-EN090,$1.45,$218.67,57,3
Winged Kuriboh (UTR),Ultimate Rare,#TLM-EN005,$50.00,$218.67,35,0
Dark Magician Girl,Secret Rare,#CT2-EN004,$4.78,$218.67,109,30
Lightning Storm (CR),Collector's Rare,#KICO-EN057,$44.20,$218.67,46,0
The Dark Magicians (Starlight Rare),Starlight Rare,#BACH-EN100,$180.00,$218.67,25,0
Cyberdark Dragon (UTR),Ultimate Rare,#CDIP-EN035,$299.99,$218.67,10,0
Draco Berserker of the Tenyi,Secret Rare,#BLMR-EN074,$0.45,$218.67,68,3
"Maxx ""C""",Ultimate Rare,#AP04-EN002,$359.84,$218.67,46,6
The Phantom Knights of Torn Scales (Starlight Rare),Starlight Rare,#PHRA-EN003,$99.88,$218.67,32,0
Sky Striker Airspace - Area Zero,Super Rare,#DASA-EN039,$3.00,$218.67,80,0
Gold Pride - Chariot Carrie (Starlight Rare),Starlight Rare,#CYAC-EN088,$93.99,$218.67,38,0
White Aura Whale,Secret Rare,#BLLR-EN020,$8.91,$218.67,61,0
Diviner of the Herald,Secret Rare,#LIOV-EN000,$11.00,$218.67,54,4
Stardust Dragon,Secret Rare,#CT05-EN001,$5.00,$218.67,59,4
Enemy Controller,Secret Rare,#LCKC-EN032,$4.24,$218.67,85,2
Mystical Space Typhoon,Ultimate Rare,#AP08-EN002,$120.64,$218.67,31,0
Skill Drain,Ultra Rare,#MAMA-EN094,$1.75,$218.67,196,10
Blue-Eyes Ultimate Dragon (Ghost Rare),Ghost Rare,#GFP2-EN181,$40.46,$43.28,36,0
Dark Ruler No More,Common / Short Print,#SDAZ-EN030,$0.95,$43.28,154,16
Red-Eyes Flare Metal Dragon,Ultra Rare,#LDK2-ENJ41,$2.33,$43.28,174,0
Firewall Dragon Singularity,Secret Rare,#CYAC-EN047,$1.74,$43.28,148,0
Destiny HERO - Malicious,Secret Rare,#RYMP-EN034,$8.50,$43.28,67,0
Muckraker From the Underworld (DABL-ENSP1),Ultra Rare,#DABL-ENSP1,$19.00,$43.28,7,0
Delinquent Duo,Ultra Rare,#MRL-039,$18.18,$43.28,129,0
Elemental Hero Absolute Zero,Ultra Rare,#YG04-EN001,$23.00,$43.28,33,1
Magicians' Souls (Blue),Ultra Rare,#LDS3-EN088,$14.48,$43.28,53,0
Quick Launch,Secret Rare,#MP18-EN139,$3.98,$43.28,36,2
Dark Magician Girl,Secret Rare,#MVP1-ENS56,$9.65,$43.28,62,30
Grave of the Super Ancient Organism (UTR),Ultimate Rare,#RGBT-EN078,$15.99,$43.28,16,0
Dark Magician,Ultra Rare,#JUMP-EN049,$24.99,$43.28,73,95
Stardust Dragon (Ghost),Ghost Rare,#TDGS-EN040,$125.95,$43.28,61,0
Evil Twin Lil-la (CR),Collector's Rare,#GEIM-EN016,$37.17,$43.28,32,0
Red-Eyes B. Dragon,Ultra Rare,#YAP1-EN002,$20.80,$43.28,78,0
Book of Moon,Ultra Rare,#BLAR-EN052,$1.49,$43.28,54,18
Cross-Sheep,Prismatic Secret Rare,#MP21-EN018,$1.05,$43.28,121,0
Ally of Justice Catastor,Ultimate Rare,#TU07-EN000,$90.00,$43.28,12,0
Marincess Springirl,Super Rare,#LED9-EN031,$2.18,$43.28,80,1
Elemental Hero Neos,Duel Terminal Rare Parallel Rare,#DTP1-EN005,,$43.28,80,4
Mechanicalchaser,Ultra Rare,#TP1-001,$999.99,$43.28,10,0
Scapegoat,Ultra Rare,#RP01-EN090,$999.99,$43.28,5,1
Eradicator Epidemic Virus,Ultra Rare,#LCKC-EN048,$4.00,$43.28,99,12
Pot of Extravagance (CR),Collector's Rare,#TOCH-EN059,$64.99,$71.13,41,0
Gemini Spark,Common / Short Print,#SOVR-EN055,$2.00,$71.13,16,0
"Dogmatika Ecclesia, the Virtuous (Starlight Rare)",Starlight Rare,#ROTD-EN005,$449.98,$71.13,18,0
Tearlaments Rulkallos,Secret Rare,#DABL-EN039,$3.64,$71.13,137,1
Dimension Fusion,Ultra Rare,#IOC-094,$14.99,$71.13,171,0
Silent Magician,Ultra Rare,#DPRP-EN002,$36.00,$71.13,41,0
"Dingirsu, the Orcust of the Evening Star",Ultra Rare,#DUOV-EN084,$6.01,$71.13,105,0
Live Twin Sunny's Snitch,Super Rare,#DAMA-EN062,$0.95,$71.13,56,0
Blue-Eyes Alternative White Dragon,Secret Rare,#MVP1-ENS46,$12.98,$71.13,54,3
Black Metal Dragon,Super Rare,#OP06-EN010,$12.99,$71.13,11,0
Ancient Chant,Ultra Rare,#LED7-EN004,$27.99,$71.13,44,0
"Beat, Bladesman Fur Hire",Ultra Rare,#MP19-EN247,$2.00,$71.13,33,0
Called by the Grave,Prismatic Secret Rare,#MP19-EN043,$8.54,$71.13,54,18
D.D. Crow (UTR),Ultimate Rare,#STON-EN024,$31.00,$71.13,72,0
Super Polymerization,Common / Short Print,#SDSH-EN026,$2.80,$71.13,134,28
Dark Magician Girl,Secret Rare,#MFC-000,$88.85,$71.13,74,30
Jinzo,Secret Rare,#PSV-000,$11.08,$71.13,93,36
I:P Masquerena,Prismatic Secret Rare,#MP20-EN178,$8.98,$71.13,87,8
Dark Grepher,Secret Rare,#PTDN-EN000,$32.95,$71.13,38,0
Jinzo,Secret Rare,#BPT-011,$3.58,$71.13,94,36
Exosisters Magnifica (Starlight Rare),Starlight Rare,#DIFO-EN046,$144.44,$71.13,24,0
Dark Magician Girl,Ultra Rare,#RDS-ENSE2,$3.49,$71.13,110,30
D.D. Crow (Starlight Rare),Starlight Rare,#ROTD-EN100,$409.84,$71.13,21,0
"Nibiru, the Primal Being",Premium Gold Rare,#MAGO-EN019,$4.00,$71.13,104,25
Thunder King Rai-Oh,Common / Short Print,#RYMP-EN074,$7.00,$9.20,67,0
Danger! Nessie!,Secret Rare,#CYHO-EN083,$9.99,$9.20,66,8
Frostosaurus (UTR),Ultimate Rare,#STON-EN002,$28.00,$9.20,13,0
Harpie's Feather Storm,Common / Short Print,#LDS2-EN088,$3.95,$9.20,53,0
PSY-Framegear Gamma,Ultra Rare,#HSRD-EN031,$9.99,$9.20,56,2
Effect Veiler,Common / Short Print,#SDAZ-EN018,$0.94,$9.20,125,6
Lava Golem,Common / Short Print,#SDSH-EN013,$3.00,$9.20,121,4
Mitsu the Insect Ninja (Starlight Rare),Starlight Rare,#DABL-EN016,$63.48,$9.20,56,0
Coach King Giantrainer,Secret Rare,#NUMH-EN037,$13.94,$9.20,55,0
Dinomorphia Therizia (Starlight Rare),Starlight Rare,#BACH-EN009,$83.00,$9.20,36,0
Elemental HERO Absolute Zero,Ultra Rare,#BLHR-EN065,$10.97,$9.20,39,3
Draco Berserker of the Tenyi,Prismatic Secret Rare,#MP20-EN166,$3.15,$9.20,93,3
Stardust Dragon (UTR),Ultimate Rare,#TDGS-EN040,$68.20,$9.20,22,0
Number 11: Big Eye,Ultimate Rare,#AP06-EN002,$99.99,$9.20,38,4
Gishki Abyss,Super Rare,#HA05-EN031,$1.75,$9.20,172,0
Swordsoul Grandmaster - Chixiao,Ultra Rare,#MAMA-EN038,$2.00,$9.20,104,0
Aratama,Rare,#SHSP-EN035,$1.25,$9.20,133,1
Red-Eyes Baby Dragon,Secret Rare,#LDS1-EN010,$17.01,$9.20,31,0
Rikka Glamour,Secret Rare,#SESL-EN023,$8.24,$9.20,52,0
Wannabee!,Super Rare,#CYAC-EN031,$0.60,$9.20,103,0
"Lyla, Lightsworn Sorceress (UTR)",Ultimate Rare,#LODT-EN019,$12.98,$9.20,45,0
Anti-Spell Fragrance,Secret Rare,#PCY-002,$6.98,$9.20,78,3
"Duel Link Dragon, the Duel Dragon (SR)",Super Rare,#YCSW-EN012,$847.42,$9.20,8,0
Pot of Extravagance,Prismatic Secret Rare,#MP20-EN030,$6.40,$9.20,71,3
Thunder King Rai-Oh,Ultimate Rare,#TU08-EN000,$120.00,$152.55,38,0
Security Dragon,Ultra Rare,#DUPO-EN037,$2.78,$152.55,58,0
Black Rose Dragon (Ghost Rare),Ghost Rare,#CSOC-EN039,$121.00,$152.55,49,0
"Apollousa, Bow of the Goddess",Secret Rare,#RIRA-EN048,$28.65,$152.55,67,6
Exosister Pax,Ultra Rare,#GRCR-EN021,$4.44,$152.55,104,0
Cyber Slash Harpie Lady,Secret Rare,#DLCS-EN148,$14.97,$152.55,63,1
Spellbound,Secret Rare,#DABL-EN000,$3.00,$152.55,125,0
Relinquished Anima,Secret Rare,#BROL-EN087,$1.19,$152.55,153,3
Live Twin Lil-la Treat (Starlight Rare),Starlight Rare,#BLVO-EN028,$98.98,$152.55,21,0
Raigeki,Prismatic Secret Rare,#TN19-EN010,$1.85,$152.55,125,18
Linkuriboh,Rare,#MAGO-EN135,$3.50,$152.55,81,6
Evenly Matched,Secret Rare,#MP18-EN154,$15.99,$152.55,85,48
Cyber Dragon (Ghost Rare),Ghost Rare,#GFP2-EN178,$40.99,$152.55,70,0
"Hiita the Fire Charmer, Ablaze (Starlight Rare)",Starlight Rare,#PHRA-EN100,$220.00,$152.55,35,0
Tour Guide From the Underworld,Secret Rare,#EXVC-EN084,$29.00,$152.55,96,2
Book of Moon (Secret Rare),Secret Rare,#SGX1-ENI15,$6.49,$152.55,44,0
Destiny HERO - Destroyer Phoenix Enforcer (Starlight Rare),Starlight Rare,#POTE-EN100,$239.99,$152.55,21,0
"Kumongous, the Sticky String Kaiju",Super Rare,#OP04-EN008,$9.99,$152.55,24,1
Knightmare Corruptor Iblee,Secret Rare,#FLOD-EN017,$6.99,$152.55,112,6
Blazewing Butterfly (UTR),Ultimate Rare,#TAEV-EN089,$10.97,$152.55,18,0
The Winged Dragon of Ra - Sphere Mode (Ghost Rare),Ghost Rare,#GFP2-EN180,$43.59,$152.55,53,0
Super Polymerization,Common / Short Print,#SGX3-ENA17,$3.00,$152.55,56,28
Chaos Space (CR),Collector's Rare,#TOCH-EN009,$84.17,$152.55,30,0
Divine Arsenal AA-ZEUS - Sky Thunder (Quarter Century Secret Rare),Quarter Century Secret Rare,#BLMR-EN084,$180.00,$152.55,39,0
Obelisk the Tormentor (JMP-EN004),Secret Rare,#JMP-EN004,$10.10,$80.35,76,0
Tri-Brigade Arms Bucephalus II (Starlight Rare),Starlight Rare,#PHHY-EN048,$75.91,$80.35,39,0
Pot of Extravagance,Premium Gold Rare,#MGED-EN046,$1.49,$80.35,204,3
Elemental HERO Sparkman,Parallel Rare,#MF03-EN004,$499.99,$80.35,4,0
Black Rose Dragon (UTR),Ultimate Rare,#CSOC-EN039,$48.34,$80.35,40,0
Bond Between Teacher and Student,Ultra Rare,#DUPO-EN017,$8.78,$80.35,70,0
Blue-Eyes Toon Dragon,Secret Rare,#SRL-EN000,$26.00,$80.35,48,0
Ash Blossom & Joyous Spring,Premium Gold Rare,#MAGO-EN011,$9.00,$80.35,57,80
Effect Veiler,Ultra Rare,#DUDE-EN028,$2.74,$80.35,104,6
"On Your Mark, Get Set, DUEL! (CR)",Collector's Rare,#MAZE-EN016,$21.49,$80.35,50,0
Fish Sonar,Ultra Rare,#LED9-EN020,$7.48,$80.35,84,0
The Zombie Vampire,Secret Rare,#BACH-EN045,$3.95,$80.35,125,0
Madolche Salon,Ultra Rare,#ETCO-EN064,$14.93,$80.35,52,0
D.D. Crow (Secret Rare),Secret Rare,#SGX3-ENF10,$10.96,$80.35,36,0
Future Fusion (UTR),Ultimate Rare,#POTD-EN044,$19.59,$80.35,55,0
Number 11: Big Eye,Gold Rare,#PGL3-EN063,$6.59,$80.35,64,4
Solar Recharge (UTR),Ultimate Rare,#LODT-EN052,$19.97,$80.35,60,0
Foolish Burial,Super Rare,#TU02-EN004,$150.00,$80.35,31,6
Assault Synchron (Quarter Century Secret Rare),Quarter Century Secret Rare,#BLMR-EN003,$131.89,$80.35,37,0
Masked HERO Dark Law,Ultimate Rare,#OP01-EN003,$300.00,$80.35,32,1
Book of Moon,Super Rare,#CP01-EN002,$628.96,$80.35,13,18
Elemental HERO Absolute Zero,Super Rare,#GENF-ENSE1,$5.85,$80.35,30,3
Noh-P.U.N.K. Ogre Dance,Secret Rare,#BLMR-EN064,$0.35,$80.35,63,1
The Black Stone of Legend,Ultra Rare,#LDK2-ENJ05,$3.75,$80.35,128,1
Infinite Impermanence,Ultra Rare,#DUPO-EN100,$11.23,$12.14,80,70
Evolzar Solda (UTR),Ultimate Rare,#ORCS-EN045,$12.95,$12.14,48,0
Number F0: Utopic Future,Prismatic Secret Rare,#WSUP-EN026,$4.00,$12.14,58,1
Judgment Dragon,Secret Rare,#LODT-EN026,$80.00,$12.14,40,0
Chaos Sorcerer,Ultra Rare,#TU02-EN001,$117.95,$12.14,36,0
Tour Guide From the Underworld,Ultimate Rare,#AP06-EN001,$169.94,$12.14,52,2
Eradicator Epidemic Virus,Secret Rare,#FOTB-EN068,$38.39,$12.14,51,12
Dogmatika Punishment,Prismatic Secret Rare,#MP21-EN147,$1.14,$12.14,181,1
Exosister Mikailis,Ultra Rare,#GRCR-EN017,$4.39,$12.14,98,0
Parlor Dragonmaid,Premium Gold Rare,#MAGO-EN023,$2.99,$12.14,95,1
Blue-Eyes Alternative White Dragon,Secret Rare,#SBPR-EN003,$799.90,$12.14,7,3
Pulling the Rug (UTR),Ultimate Rare,#STON-EN060,$14.50,$12.14,14,0
Chaos Emperor Dragon - Envoy of the End,Secret Rare,#IOC-EN000,$10.00,$12.14,36,0
Live Twin Lil-la,Super Rare,#GEIM-EN014,$0.62,$12.14,103,0
Draco Berserker of the Tenyi,Ultra Rare,#CHIM-EN035,$5.00,$12.14,86,3
Branded Fusion,Super Rare,#SDAZ-EN021,$0.88,$12.14,227,8
"Sillva, Warlord of Dark World (UTR)",Ultimate Rare,#EEN-EN023,$14.00,$12.14,81,0
Summon Limit,Ultra Rare,#BLHR-EN088,$7.89,$12.14,22,2
Labrynth Labyrinth (CR),Collector's Rare,#TAMA-EN021,$25.73,$12.14,38,0
Rokket Coder,Secret Rare,#BLMR-EN006,$0.82,$12.14,148,1
Ghost Mourner & Moonlit Chill,Secret Rare,#ETCO-EN036,$15.38,$12.14,62,0
Number 39: Utopia Rising (CR),Collector's Rare,#MAZE-EN021,$13.49,$12.14,43,0
Sky Striker Mecha - Widow Anchor,Ultra Rare,#MAMA-EN010,$0.48,$12.14,100,0
Blackwing Armor Master,Gold Rare,#GLD3-EN038,$14.00,$12.14,27,0
Fallen of Albaz,Ultra Rare,#MP21-EN107,$0.45,$1.18,170,21
Mobius the Frost Monarch (UTR),Ultimate Rare,#SOD-EN022,$15.95,$1.18,60,0
Cosmic Cyclone,Secret Rare,#MP17-EN105,$3.99,$1.18,51,21
Blue-Eyes White Dragon (JMPS-EN002),Ultra Rare,#JMPS-EN002,$35.76,$1.18,28,0
Dark Magician Girl (2021),Ultra Rare,#LART-EN035,$16.99,$1.18,58,0
Mathmech Superfactorial,Secret Rare,#MYFI-EN012,$6.00,$1.18,73,0
Tri-Edge Master,Secret Rare,#BLMR-EN008,$0.40,$1.18,103,1
Raidraptor - Tribute Lanius,Ultra Rare,#GFTP-EN084,$0.75,$1.18,75,0
"Bi'an, Earth of the Yang Zing",Super Rare,#DUEA-EN029,$3.40,$1.18,44,0
Black Luster Soldier - Soldier of Chaos,Ultimate Rare,#OP17-EN003,$30.00,$1.18,73,0
Spiritual Water Art - Aoi,Super Rare,#AP02-EN012,$1.93,$1.18,7,0
Injection Fairy Lily,Secret Rare,#LOD-100,$2.86,$1.18,151,1
Macro Cosmos,Ultra Rare,#BLMR-EN100,$0.29,$1.18,52,2
Dogmatika Maximus,Secret Rare,#ROTD-EN009,$6.65,$1.18,34,4
Evilswarm Exciton Knight,Secret Rare,#MP14-EN224,$12.00,$1.18,49,6
Cosmic Cyclone,Ultimate Rare,#OP07-EN003,$59.95,$1.18,23,21
Wave-Motion Cannon,Super Rare,#CP05-EN004,$27.99,$1.18,21,0
"Incredible Ecclesia, the Virtuous (Starlight Rare)",Starlight Rare,#BODE-EN007,$219.45,$1.18,17,0
Number F0: Utopic Draco Future,Ultra Rare,#KICO-EN013,$4.01,$1.18,81,2
Destiny HERO - Destroyer Phoenix Enforcer,Secret Rare,#BODE-EN039,$6.00,$1.18,97,4
"Dark Armed, the Dragon of Annihilation",Ultra Rare,#JUMP-EN090,$9.00,$1.18,33,0
Ghost Ogre & Snow Rabbit,Ultimate Rare,#OP05-EN001,$162.36,$1.18,48,9
Elemental Hero Neos Alius (UTR),Ultimate Rare,#TAEV-EN018,$17.00,$1.18,32,0
Lightning Storm,Ultra Rare,#KICO-EN057,$8.98,$1.18,60,16
Forbidden Droplet,Secret Rare,#ROTD-EN065,$24.99,$28.77,67,5
Blue-Eyes White Dragon (Secret Pharaoh's Rare),Secret Pharaoh’s Rare,#MAMA-EN104,$211.17,$28.77,22,0
Harpie's Feather Storm,Ultra Rare,#DUSA-EN027,$5.07,$28.77,76,0
Sky Striker Maneuver - Afterburners!,Secret Rare,#DASA-EN031,$15.00,$28.77,29,0
Sabersaurus,Secret Rare,#LCJW-EN143,$0.85,$28.77,36,0
Benghalancer the Resurgent,Secret Rare,#LIOV-EN048,$3.85,$28.77,53,0
Super Polymerization (Secret Rare),Secret Rare,#SGX3-ENA17,$8.50,$28.77,38,0
Tearlaments Kaleido-Heart,Secret Rare,#POTE-EN043,$0.99,$28.77,143,0
Solemn Judgment (CR),Collector's Rare,#MAZE-EN063,$49.88,$28.77,51,0
Called by the Grave,Common / Short Print,#SDAZ-EN029,$0.65,$28.77,103,18
Crystal Wing Synchro Dragon,Secret Rare,#BLLR-EN062,$7.50,$28.77,42,0
Ancient Fairy Dragon (UTR),Ultimate Rare,#ANPR-EN040,$33.64,$28.77,64,0
Evenly Matched,Ultra Rare,#GFTP-EN126,$4.15,$28.77,103,48
Madolche Queen Tiaramisu,Secret Rare,#BLMR-EN076,$0.39,$28.77,92,2
Cyber Angel Benten,Secret Rare,#DRL3-EN012,$4.99,$28.77,76,2
Lovely Labrynth of the Silver Castle,Ultra Rare,#TAMA-EN014,$2.00,$28.77,112,0
Traptrix Sera,Secret Rare,#BLHR-EN049,$10.63,$28.77,73,4
Dimensional Fissure,Ultra Rare,#BLMR-EN088,$0.34,$28.77,48,1
Fusion Deployment,Super Rare,#SDCS-EN030,$0.44,$28.77,152,6
"Ryko, Lightsworn Hunter",Super Rare,#LODT-EN022,$5.13,$28.77,58,0
Exosister Martha (Starlight Rare),Starlight Rare,#POTE-EN025,$145.00,$28.77,33,0
Wattchimera (UTR),Ultimate Rare,#DREV-EN044,$18.50,$28.77,17,0
Hungry Burger,Super Rare,#WISU-EN041,$0.11,$28.77,144,2
Ancient Fairy Dragon,Secret Rare,#CT06-EN002,$1.93,$28.77,95,0
"Cherubini, Ebon Angel of the Burning Abyss",Ultra Rare,#MP20-EN096,$5.00,$5.45,65,0
Called by the Grave,Ultra Rare,#DUDE-EN044,$1.89,$5.45,130,18
Power Tool Dragon (Ghost Rare),Ghost Rare,#RGBT-EN042,$39.99,$5.45,42,0
Satellarknight Deneb,Ultra Rare,#MP15-EN074,$12.47,$5.45,27,0
Breaker the Magical Warrior,Ultra Rare,#MFC-071,$1.89,$5.45,130,0
Ghost Belle & Haunted Mansion,Common / Short Print,#SDCB-EN015,$0.69,$5.45,90,0
Elemental HERO Prisma,Common / Short Print,#RYMP-EN012,$4.39,$5.45,101,3
"Therion ""Lily"" Borea",Secret Rare,#DIFO-EN006,$2.69,$5.45,126,0
Dark Magician (Dark Duel Stories),Secret Rare,#DDS-002,$109.96,$5.45,38,0
Lava Golem (Duel Terminal),Duel Terminal Technology Ultra Rare,#HAC1-EN008,$2.90,$5.45,98,0
Cyber Angel Benten,Ultra Rare,#LART-EN049,$4.95,$5.45,31,2
D/D/D Deviser King Deus Machinex,Ultra Rare,#BACH-EN044,$3.30,$5.45,115,0
Joker's Straight,Ultra Rare,#KICO-EN004,$6.99,$5.45,48,0
Courageous Crimson Chevalier Bradamante,Secret Rare,#BLMR-EN014,$0.40,$5.45,91,1
Exodia the Forbidden One,Ultra Rare,#LOB-124,$6.25,$5.45,70,0
Red-Eyes Black Metal Dragon (Forbidden Memories),Prismatic Secret Rare,#FMR-001,$32.49,$5.45,54,0
Joker's Knight,Ultra Rare,#KICO-EN002,$6.46,$5.45,73,0
Superheavy Samurai Soulpeacemaker,Rare,#INOV-EN009,$2.50,$5.45,106,0
Danger! Chupacabra!,Prismatic Secret Rare,#MP19-EN138,$3.46,$5.45,91,0
Knightmare Unicorn,Secret Rare,#FLOD-EN047,$10.88,$5.45,52,8
Forbidden Lance,Super Rare,#STOR-EN061,$3.94,$5.45,135,0
Blackwing Armor Master (Starlight Rare),Starlight Rare,#BLCR-EN099,$90.00,$5.45,38,0
Lava Golem,Ultra Rare,#SDMA-EN014,$2.99,$5.45,119,4
Blue-Eyes White Dragon,Ultra Rare,#LOB-EN001,$48.30,$5.45,20,9
Black-Winged Dragon (Starlight Rare),Starlight Rare,#DABL-EN100,$94.99,$101.78,33,0
Shooting Majestic Star Dragon (Starlight Rare),Starlight Rare,#DAMA-EN039,$159.99,$101.78,17,0
Sunseed Genius Loci,Ultra Rare,#GFTP-EN014,$0.50,$101.78,95,0
Black-Winged Dragon (Ghost Rare),Ghost Rare,#TSHD-EN040,$44.99,$101.78,46,0
Titaniklad the Ash Dragon,Secret Rare,#ROTD-EN038,$7.99,$101.78,39,3
Dimensional Prison,Rare,#MAGO-EN158,$1.70,$101.78,32,0
Interrupted Kaiju Slumber,Secret Rare,#BLHR-EN087,$3.48,$101.78,59,0
Sky Striker Mobilize - Engage!,Secret Rare,#DASA-EN030,$8.99,$101.78,59,2
Cyber Dragon,Ultimate Rare,#OP16-EN001,$65.00,$101.78,34,6
Time Wizard,Ultra Rare,#MRD-065,$3.00,$101.78,112,5
Compulsory Evacuation Device,Super Rare,#TU04-EN005,$22.99,$101.78,18,0
Black-Winged Assault Dragon,Ultra Rare,#DABL-EN042,$2.00,$101.78,66,0
Super-Nimble Mega Hamster,Common / Short Print,#EGO1-EN011,$1.50,$101.78,54,0
Blackwing Armor Master (UTR),Ultimate Rare,#CRMS-EN041,$30.60,$101.78,46,0
Elemental Hero Tempest (UTR),Ultimate Rare,#EEN-EN034,$184.99,$101.78,24,0
Jinzo,Secret Rare,#PSV-EN000,$21.88,$101.78,43,36
Danger!? Jackalope?,Secret Rare,#BLAR-EN088,$4.00,$101.78,63,0
Elemental HERO Absolute Zero,Common / Short Print,#OP05-EN023,$6.50,$101.78,21,3
Harpie's Feather Duster,Common / Short Print,#SDBT-EN026,$0.74,$101.78,105,14
Dragonmaid Lorpar,Secret Rare,#MYFI-EN021,$6.00,$101.78,65,0
Unchained Abomination,Ultra Rare,#CHIM-EN045,$4.99,$101.78,41,0
Photon Orbital (CR),Collector's Rare,#MAZE-EN046,$16.50,$101.78,50,0
Enemy Controller,Super Rare,#DR2-EN149,$6.99,$101.78,27,2
"Incredible Ecclesia, the Virtuous",Prismatic Secret Rare,#MP22-EN188,$1.45,$101.78,198,0
Buster Blader,Secret Rare,#BPT-008,$1.44,$23.00,92,3
"Brionac, Dragon of the Ice Barrier",Duel Terminal Ultra Parallel Rare,#DT01-EN031,$49.99,$23.00,14,0
Caius the Shadow Monarch,Super Rare,#OP19-EN004,$1.63,$23.00,65,0
"Aron, the Ogdoadic King (CR)",Collector's Rare,#ANGU-EN007,$21.01,$23.00,21,0
"Gameciel, the Sea Turtle Kaiju",Rare,#DOCS-EN088,$7.99,$23.00,35,3
Madolche Queen Tiaramisu (UTR),Ultimate Rare,#ABYR-EN048,$27.00,$23.00,38,0
Allure of Darkness (Secret Rare),Secret Rare,#SGX3-ENI30,$6.96,$23.00,47,0
Transcendosaurus Gigantozowler,Super Rare,#WISU-EN003,$0.12,$23.00,140,0
Knightmare Unicorn (CR),Collector's Rare,#GEIM-EN050,$55.00,$23.00,30,0
Ancient Fairy Dragon (Ghost Rare),Ghost Rare,#ANPR-EN040,$65.98,$23.00,71,0
Galaxy Photon Dragon,Secret Rare,#PHHY-EN044,$2.40,$23.00,110,0
"Baxia, Brightness of the Yang Zing (UTR)",Ultimate Rare,#DUEA-EN051,$29.26,$23.00,67,0
Visas Starfrost (DIFO-ENSP1),Ultra Rare,#DIFO-ENSP1,$33.58,$23.00,20,0
Gate Guardian (CR),Collector's Rare,#MAZE-EN035,$29.63,$23.00,67,0
Adamancipator Risen - Dragite,Secret Rare,#SESL-EN009,$3.95,$23.00,56,4
Zombie Master (UTR),Ultimate Rare,#TAEV-EN039,$44.64,$23.00,12,0
"Dharc the Dark Charmer, Gloomy (Starlight Rare)",Starlight Rare,#BACH-EN049,$249.01,$23.00,54,0
Black-Winged Dragon (UTR),Ultimate Rare,#TSHD-EN040,$29.00,$23.00,56,0
"Broww, Huntsman of Dark World (UTR)",Ultimate Rare,#EEN-EN021,$17.69,$23.00,90,0
Number 39: Utopia (Astral),Starlight Rare,#BLAR-EN000,$199.99,$23.00,29,0
Blackwing Armor Master,Super Rare,#DP11-EN013,$13.02,$23.00,26,0
Wall of Disruption,Ultra Rare,#STP5-EN005,$35.99,$23.00,7,1
Colossal Fighter,Ultimate Rare,#TU05-EN000,$69.00,$23.00,13,0
Mystical Space Typhoon,Ultra Rare,#MRL-047,$1.54,$23.00,144,0
Danger! Nessie!,Ultra Rare,#MP19-EN137,$3.59,$9.69,105,8
"Trishula, Dragon of the Ice Barrier (Starlight Rare)",Starlight Rare,#BLVO-EN100,$154.99,$9.69,20,0
Millennium Shield,Ultra Rare,#MP1-001,$2.70,$9.69,52,0
Noh-P.U.N.K. Foxy Tune (Quarter Century Secret Rare),Quarter Century Secret Rare,#BLMR-EN063,$87.16,$9.69,38,0
Elder Entity N'tss,Ultra Rare,#MAMA-EN063,$0.50,$9.69,188,2
Metamorphosis,Super Rare,#CP01-EN003,$499.99,$9.69,22,2
Twin Twisters,Ultimate Rare,#OP12-EN002,$34.99,$9.69,68,1
Transcendosaurus Meteorus,Super Rare,#WISU-EN002,$0.15,$9.69,147,0
Dogmatika Maximus,Ultra Rare,#MP21-EN105,$0.30,$9.69,138,4
"Gorgon, Empress of the Evil Eyed (Starlight Rare)",Starlight Rare,#CHIM-EN048,$144.00,$9.69,15,0
Underworld Goddess of the Closed World,Secret Rare,#BLVO-EN050,$7.27,$9.69,97,6
Dimensional Barrier,Secret Rare,#MP17-EN163,$2.95,$9.69,68,8
Magical Android,Super Rare,#TDGS-EN043,$13.99,$9.69,24,0
Cynet Mining,Secret Rare,#DANE-EN051,$9.98,$9.69,90,2
Dinomorphia Frenzy,Ultra Rare,#DIFO-EN077,$1.00,$9.69,128,0
Adamancipator Risen - Dragite,Ultra Rare,#MP21-EN232,$0.93,$9.69,66,4
Destiny Hero - Dasher (UTR),Ultimate Rare,#POTD-EN017,$9.94,$9.69,143,0
Neo-Spacian Grand Mole (UTR),Ultimate Rare,#STON-EN005,$17.95,$9.69,43,0
Light and Darkness Dragon,Secret Rare,#YG01-EN001,$15.43,$9.69,9,0
Pot of Desires,Ultra Rare,#CT14-EN004,$1.80,$9.69,142,8
Blue-Eyes White Dragon (JUMP-EN068),Ultra Rare,#JUMP-EN068,$35.00,$9.69,41,0
Swordsoul Emergence,Ultra Rare,#BODE-EN053,$3.90,$9.69,66,0
Zoodiac Chakanine,Ultra Rare,#MACR-EN048,$5.12,$9.69,20,0
Wynn the Wind Channeler (Starlight Rare),Starlight Rare,#ROTD-EN086,$198.68,$9.69,22,0
"Blaster, Dragon Ruler of Infernos",Secret Rare,#CT10-EN002,$2.75,$3.96,121,0
Fusion Deployment,Prismatic Secret Rare,#MP21-EN081,$0.75,$3.96,160,6
Red-Eyes Black Dragon,Ultra Rare,#LOB-EN070,$29.94,$3.96,13,0
Dark Armed Dragon,Secret Rare,#PTDN-EN019,$64.79,$3.96,50,4
Yata-Garasu,Secret Rare,#LOD-000,$9.79,$3.96,208,0
Black Rose Dragon,Secret Rare,#CT05-EN003,$3.90,$3.96,63,3
Harpie's Pet Dragon (Forbidden Memories),Secret Rare,#FMR-002,$10.98,$3.96,64,0
"Karakuri Steel Shogun mdl 00X ""Bureido"" (UTR)",Ultimate Rare,#STOR-EN042,$4.75,$3.96,42,0
Firewall Dragon Darkfluid - Neo Tempest Terahertz (CR),Collector's Rare,#MAZE-EN028,$27.50,$3.96,63,0
Gold Pride - The Crowd Goes Wild!,Secret Rare,#PHHY-EN091,$0.89,$3.96,200,0
Lava Golem,Rare,#DPBC-EN034,$3.00,$3.96,63,4
Linkuriboh,Ultra Rare,#DUPO-EN071,$3.93,$3.96,75,6
Gearfried the Iron Knight,Secret Rare,#BPT-012,$0.96,$3.96,98,0
"Dogoran, the Mad Flame Kaiju",Super Rare,#OP05-EN004,$6.36,$3.96,6,1
The Winged Dragon of Ra,Prismatic Secret Rare,#DOD-001,$7.15,$3.96,48,3
Rikka Petal,Super Rare,#SESL-EN014,$3.98,$3.96,48,0
Starliege Seyfert,Ultra Rare,#MP20-EN158,$3.10,$3.96,50,2
Evolzar Laggia (UTR),Ultimate Rare,#PHSW-EN043,$25.00,$3.96,38,0
Solemn Judgment,Ultra Rare,#MRD-127,$5.00,$3.96,137,24
Superheavy Samurai Prodigy Wakaushi,Super Rare,#CYAC-EN006,$0.25,$3.96,257,0
Elemental Hero Stratos,Ultra Rare,#JUMP-EN012,$2.95,$3.96,82,1
Chaos Dragon Levianeer,Ultimate Rare,#OP12-EN001,$28.00,$3.96,59,1
"Artemis, the Magistus Moon Maiden (CR)",Collector's Rare,#GEIM-EN008,$29.70,$3.96,45,0
Animadorned Archosaur,Secret Rare,#ETCO-EN037,$12.00,$3.96,44,1
"Maxx ""C""",Common / Short Print,#SR03-EN020,$11.99,$17.66,97,6
Swordsoul Grandmaster - Chixiao,Secret Rare,#BODE-EN041,$5.90,$17.66,95,0
Dark Blade the Dragon Knight (UTR),Ultimate Rare,#RDS-EN035,$1.95,$17.66,118,0
Eldlich the Golden Lord,Premium Gold Rare,#MGED-EN024,$1.00,$17.66,167,2
Gravekeeper's Spy,Super Rare,#CP03-EN003,$209.99,$17.66,10,0
Primula the Rikka Fairy,Secret Rare,#SESL-EN015,$1.75,$17.66,68,0
Abomination's Prison,Ultra Rare,#MP20-EN182,$3.50,$17.66,52,0
The Winged Dragon of Ra (Ghost Rare),Ghost Rare,#LED7-EN000,$144.90,$17.66,39,0
Rivalry of Warlords,Rare,#KICO-EN058,$0.29,$17.66,158,0
Blue-Eyes Alternative White Dragon,Ultra Rare,#MVP1-EN046,$9.50,$17.66,62,3
Dinomorphia Rexterm,Ultra Rare,#DIFO-EN038,$1.92,$17.66,98,0
Red Dragon Archfiend (UTR),Ultimate Rare,#TDGS-EN041,$26.00,$17.66,33,0
Delinquent Duo,Secret Rare,#LCKC-EN101,$21.10,$17.66,59,0
Astral Kuriboh,Secret Rare,#BROL-EN061,$2.30,$17.66,120,0
Dark Magician,Secret Rare,#BPT-007,$1.15,$17.66,91,95
Mayhem Fur Hire,Secret Rare,#DASA-EN025,$7.50,$17.66,12,0
"Incredible Ecclesia, the Virtuous",Ultra Rare,#MAMA-EN059,$1.00,$17.66,157,0
Rikka Queen Strenna,Ultra Rare,#ROTD-EN046,$2.49,$17.66,51,1
Blue-Eyes White Dragon,Premium Gold Rare,#MAGO-EN001,$9.98,$17.66,84,9
Pot of Desires,Rare,#TOCH-EN057,$0.95,$17.66,144,8
Dimensional Alchemist,Gold Rare,#GLD3-EN015,$5.00,$17.66,18,0
Noh-P.U.N.K. Foxy Tune (CR),Collector's Rare,#GRCR-EN005,$67.94,$17.66,36,0
Solemn Strike (CR),Collector's Rare,#GRCR-EN059,$25.40,$17.66,54,0
Illegal Knight,Secret Rare,#DIFO-EN023,$1.76,$17.66,110,0
Right Arm of the Forbidden One (Starlight Rare),Starlight Rare,#BLCR-EN104,$161.49,$207.68,27,0
"Bi'an, Earth of the Yang Zing",Super Rare,#MP15-EN084,$3.79,$207.68,31,0
Heritage of the Chalice,Prismatic Secret Rare,#MP19-EN224,$5.00,$207.68,49,0
D.D. Crow,Ultra Rare,#BLCR-EN077,$0.29,$207.68,255,2
Dark Magician (JMPS-EN003),Ultra Rare,#JMPS-EN003,$20.00,$207.68,28,0
Cosmic Cyclone,Ultra Rare,#DUDE-EN043,$0.95,$207.68,117,21
Dinowrestler Pankratops,Secret Rare,#BLHR-EN070,$3.50,$207.68,55,1
Sky Striker Ace - Kaina,Ultimate Rare,#OP11-EN002,$24.18,$207.68,37,0
Necroface,Secret Rare,#GLAS-EN090,$349.95,$207.68,21,0
Gate Guardian,Secret Rare,#MRD-000,$13.57,$207.68,97,0
Traptrix Myrmeleo,Gold Rare,#PGL2-EN037,$2.79,$207.68,101,2
I:P Masquerena,Ultra Rare,#CHIM-EN049,$12.25,$207.68,62,8
Slifer the Sky Dragon,Secret Rare,#YMA-EN001,$12.95,$207.68,52,1
Jinzo,Ultra Rare,#YAP1-EN007,$8.85,$207.68,60,36
Fortress Whale,Super Rare,#TP7-EN003,$168.51,$207.68,15,0
House Dragonmaid,Secret Rare,#MYFI-EN022,$2.46,$207.68,62,0
Magic Cylinder,Secret Rare,#LON-104,$1.99,$207.68,161,0
"Rafale, Champion Fur Hire",Secret Rare,#DASA-EN023,$1.96,$207.68,28,0
Mirror Force,Ultra Rare,#MRD-138,$1.69,$207.68,139,4
Swordsoul Supreme Sovereign - Chengying,Ultra Rare,#MAMA-EN039,$0.80,$207.68,137,0
Madolche Queen Tiaramisu (Quarter Century Secret Rare),Quarter Century Secret Rare,#BLMR-EN076,$64.94,$207.68,37,0
Pot of Avarice,Gold Rare,#GLD4-EN040,$4.99,$207.68,34,1
Coach King Giantrainer,Common / Short Print,#OP04-EN024,$8.48,$207.68,42,0
The Winged Dragon of Ra (Secret Rare),Secret Rare,#GBI-003,$30.00,$207.68,49,0
Red-Eyes Black Dragon,Prismatic Secret Rare,#MP22-EN267,$3.70,$4.90,129,0
Dark End Dragon,Ultra Rare,#JUMP-EN044,$6.10,$4.90,46,1
"""Infernoble Arms - Durendal""",Ultra Rare,#ROTD-EN053,$1.75,$4.90,25,0
Dimensional Prison,Ultra Rare,#RYMP-EN084,$5.00,$4.90,68,0
Magician of Faith,Super Rare,#CP02-EN003,$344.95,$4.90,32,0
Armed Dragon LV7 (UTR),Ultimate Rare,#SOD-EN015,$43.98,$4.90,40,0
The Creator (UTR),Ultimate Rare,#RDS-EN005,$15.90,$4.90,46,0
Number 11: Big Eye,Secret Rare,#GAOV-EN090,$16.99,$4.90,65,4
Raigeki,Super Rare,#SDCH-EN021,$0.97,$4.90,140,18
Knightmare Unicorn,Rare,#GEIM-EN050,$0.44,$4.90,172,8
"Amunessia, the Ogdoadic Queen (CR)",Collector's Rare,#ANGU-EN008,$19.90,$4.90,18,0
"Donner, Dagger Fur Hire",Super Rare,#DABL-EN049,$0.28,$4.90,76,0
"Therion ""King"" Regulus (Starlight Rare)",Starlight Rare,#DIFO-EN007,$149.95,$4.90,36,0
Elemental Hero Bubbleman (UTR),Ultimate Rare,#CRV-EN014,$10.48,$4.90,85,0
Vessel for the Dragon Cycle,Super Rare,#OP17-EN009,$2.98,$4.90,45,0
Graceful Charity,Super Rare,#SDP-040,$1.50,$4.90,258,0
Upstart Goblin,Super Rare,#SESL-EN043,$1.42,$4.90,102,0
Honest,Secret Rare,#LODT-EN001,$19.99,$4.90,71,24
Rivalry of Warlords,Super Rare,#HISU-EN059,$3.50,$4.90,60,0
Allure of Darkness,Ultra Rare,#BROL-EN088,$0.64,$4.90,232,8
Kitchen Dragonmaid,Premium Gold Rare,#MAGO-EN022,$1.50,$4.90,90,0
Coral Dragon,Ultra Rare,#LEHD-ENB38,$2.99,$4.90,92,0
Scareclaw Light-Heart,Ultra Rare,#POTE-EN050,$1.00,$4.90,182,0
Black Rose Dragon (Starlight Rare),Starlight Rare,#LIOV-EN100,$562.99,$4.90,19,0
Drytron Meteonis Draconids (CR),Collector's Rare,#GEIM-EN029,$24.00,$32.80,28,0
Elemental HERO Prisma,Gold Rare,#PGL2-EN072,$4.89,$32.80,93,3
Red-Eyes B. Dragon,Ultra Rare,#LOB-070,$4.30,$32.80,67,0
Dark Magician Girl,Secret Rare,#LCYW-EN022,$40.00,$32.80,68,30
Solemn Judgment,Secret Rare,#LCYW-EN152,$7.95,$32.80,91,24
Ash Blossom & Joyous Spring,Super Rare,#SHVA-EN047,$6.55,$32.80,48,80
Tri-Brigade Arms Bucephalus II,Super Rare,#PHHY-EN048,$0.10,$32.80,94,0
Danger! Chupacabra!,Common / Short Print,#SDSA-EN018,$3.17,$32.80,47,0
Sky Striker Ace - Shizuku,Ultra Rare,#MAMA-EN006,$0.74,$32.80,108,0
Libromancer Geek Boy,Secret Rare,#BACH-EN000,$2.36,$32.80,110,0
Guardian Slime,Ultra Rare,#LED7-EN003,$3.49,$32.80,74,0
Shinonome the Vaylantz Priestess (CR),Collector's Rare,#TAMA-EN001,$18.91,$32.80,46,0
"Apollousa, Bow of the Goddess (Alternate Art)",Premium Gold Rare,#MAGO-EN041,$3.00,$32.80,88,0
Ojama King (UTR),Ultimate Rare,#SOD-EN034,$8.99,$32.80,79,0
Red-Eyes Alternative Black Dragon,Prismatic Secret Rare,#TN19-EN005,$1.00,$32.80,130,0
Vernusylph of the Flourishing Hills,Ultra Rare,#POTE-EN016,$1.64,$32.80,139,0
Right Leg of the Forbidden One,Ultra Rare,#LOB-120,$3.99,$32.80,89,0
Babycerasaurus,Super Rare,#OP18-EN005,$1.39,$32.80,70,1
Abyss Dweller,Ultra Rare,#DUDE-EN016,$0.74,$32.80,120,3
Stardust Synchron,Secret Rare,#DAMA-EN002,$4.66,$32.80,75,1
Black Luster Soldier - Legendary Swordsman (CR),Collector's Rare,#MAZE-EN011,$32.77,$32.80,74,0
Ash Blossom & Joyous Spring,Common / Short Print,#SDSB-EN019,$1.99,$32.80,83,80
Ghost Ogre & Snow Rabbit,Common / Short Print,#SDAZ-EN017,$0.25,$32.80,133,9
Toon Kingdom,Ultra Rare,#DLCS-EN074,$12.62,$32.80,31,2
Dekoichi the Battlechanted Locomotive (UTR),Ultimate Rare,#RDS-EN032,$9.97,$40.97,112,0
Xyz Encore,Ultra Rare,#MP14-EN117,$2.10,$40.97,77,0
Ancient Gear Golem (UTR),Ultimate Rare,#TLM-EN006,$150.00,$40.97,28,0
Evil Twins Ki-sikil & Lil-la,Ultra Rare,#GEIM-EN017,$4.75,$40.97,70,0
Destiny End Dragoon,Ultra Rare,#STP5-EN004,$43.20,$40.97,8,0
Left Leg of the Forbidden One,Ultra Rare,#LOB-121,$3.25,$40.97,75,0
"Apollousa, Bow of the Goddess",Ultra Rare,#MP20-EN126,$8.00,$40.97,66,6
Ancient Gear Ballista,Ultra Rare,#DUOV-EN010,$3.99,$40.97,139,1
Sengenjin,Secret Rare,#PP02-EN003,$84.49,$40.97,4,0
Marincess Blue Slug,Super Rare,#MP20-EN118,$1.97,$40.97,40,1
Armory Arm,Secret Rare,#HAC1-EN176,$1.88,$40.97,55,2
Elemental HERO Sunrise,Secret Rare,#LDS3-EN104,$2.63,$40.97,87,0
Scarlight Red Dragon Archfiend (Ghost Rare),Ghost Rare,#DOCS-EN046,$52.00,$40.97,32,0
Dark Ruler No More,Common / Short Print,#SDCH-EN027,$1.00,$40.97,127,16
Vision HERO Faris,Ultra Rare,#GFP2-EN059,$1.00,$40.97,158,0
Therion Discolosseum,Ultra Rare,#DIFO-EN053,$1.50,$40.97,186,0
There Can Be Only One,Ultra Rare,#DUDE-EN053,$0.75,$40.97,108,1
Odd-Eyes Arc Pendulum Dragon,Ultra Rare,#LEDD-ENC00,$6.99,$40.97,45,1
Crystal Wing Synchro Dragon,Super Rare,#OP13-EN008,$5.00,$40.97,29,0
Raigeki,Common / Short Print,#SDBT-EN025,$0.85,$40.97,82,18
Swap Frog,Ultimate Rare,#OP03-EN001,$189.94,$40.97,25,1
Evenly Matched,Ultra Rare,#DUPO-EN099,$4.00,$40.97,129,48
"Snoww, Unlight of Dark World",Secret Rare,#LCJW-EN248,$5.69,$40.97,65,0
Ash Blossom & Joyous Spring (Alternate Art),Premium Gold Rare,#MAGO-EN011,$8.27,$40.97,57,0
Ash Blossom & Joyous Spring (Alternate Art),Premium Gold Rare,#MAGO-EN011,$8.27,$9.29,57,0
"Suanni, Fire of the Yang Zing",Super Rare,#DUEA-EN028,$3.24,$9.29,59,0
Blue-Eyes White Dragon,Secret Rare,#BPT-009,$2.56,$9.29,95,9
Number C62: Neo Galaxy-Eyes Prime Photon Dragon,Ultra Rare,#PHHY-EN043,$1.00,$9.29,143,1
Pot of Desires,Ultimate Rare,#OP11-EN003,$64.50,$9.29,44,8
Xtra HERO Infernal Devicer,Ultra Rare,#DUOV-EN013,$2.48,$9.29,67,0
EN Shuffle,Secret Rare,#BLCR-EN008,$0.90,$9.29,222,1
Super Polymerization,Premium Gold Rare,#MAGO-EN047,$3.00,$9.29,129,28
Bystial Baldrake,Ultra Rare,#BLMR-EN069,$0.30,$9.29,58,4
Lord of the Heavenly Prison,Secret Rare,#BODE-EN030,$3.30,$9.29,103,0
Elemental HERO Gaia,Super Rare,#CT08-EN011,$6.24,$9.29,35,0
Master of Chaos,Ultra Rare,#BACH-EN036,$1.50,$9.29,136,1
Solemn Judgment,Ultra Rare,#BLRR-EN100,$2.89,$9.29,84,24
"Uria, Lord of Searing Flames (UTR)",Ultimate Rare,#SOI-EN001,$240.00,$9.29,17,0
"Jizukiru, the Star Destroying Kaiju",Super Rare,#OP10-EN007,$3.49,$9.29,70,0
Knightmare Phoenix (CR),Collector's Rare,#GEIM-EN051,$60.00,$9.29,19,0
Libromancer Fire,Secret Rare,#DIFO-EN000,$2.23,$9.29,122,0
Illusion of Chaos (Starlight Rare),Starlight Rare,#BACH-EN034,$167.89,$9.29,36,0
Emergency Teleport (CR),Collector's Rare,#GRCR-EN055,$37.94,$9.29,48,0
Extox Hydra,Secret Rare,#BLMR-EN007,$0.85,$9.29,83,1
Xtra HERO Wonder Driver,Ultra Rare,#LEHD-ENA37,$2.82,$9.29,112,1
Super Polymerization,Secret Rare,#RYMP-EN029,$5.00,$9.29,147,28
Solemn Judgment,,,$22.99,$9.29,52,24
Evil Twin Lil-la,Secret Rare,#BLCR-EN097,$0.48,$9.29,238,0
Knightmare Gryphon,Secret Rare,#FLOD-EN048,$5.88,$5.45,50,1
Fossil Dyna Pachycephalo,Secret Rare,#LODT-EN099,$29.97,$5.45,22,0
Goyo Guardian (UTR),Ultimate Rare,#TDGS-EN042,$21.99,$5.45,64,0
Rivalry of Warlords (CR),Collector's Rare,#KICO-EN058,$88.99,$5.45,30,0
Expurrely Happiness (CR),Collector's Rare,#AMDE-EN017,$15.25,$5.45,66,0
Galaxy Soldier,Prismatic Secret Rare,#WSUP-EN010,$2.98,$5.45,96,0
Eradicator Epidemic Virus,Rare,#WISU-EN059,$0.07,$5.45,121,12
Number 101: Silent Honor ARK,Ghost Rare,#LED9-EN000,$16.45,$5.45,57,0
Thousand-Eyes Restrict,Secret Rare,#MC1-EN004,$1.09,$5.45,122,0
"Ignister Prominence, the Blasting Dracoslayer (UTR)",Ultimate Rare,#CORE-EN050,$19.99,$5.45,104,0
Gravekeeper's Inscription,Secret Rare,#PHHY-EN000,$2.91,$5.45,176,0
Bystial Baldrake,Ultra Rare,#BLMR-EN069,$0.30,$5.45,58,4
Chaos Space,Super Rare,#TOCH-EN009,$1.90,$5.45,134,2
Ancient City - Rainbow Ruins (UTR),Ultimate Rare,#FOTB-EN045,$17.98,$5.45,76,0
Elemental HERO Shadow Mist,Super Rare,#SDHS-EN001,$2.00,$5.45,145,1
One for One (CR),Collector's Rare,#AMDE-EN040,$44.99,$5.45,25,0
Evilswarm Exciton Knight,Secret Rare,#LVAL-EN056,$16.93,$5.45,53,6
Elemental HERO Clayman,Secret Rare,#EHC2-EN002,$22.49,$5.45,31,0
Firewall Dragon Darkfluid - Neo Tempest Terahertz,Ultra Rare,#MAZE-EN028,$1.96,$5.45,152,0
Crystal Wing Synchro Dragon (Ghost Rare),Ghost Rare,#GFTP-EN130,$114.59,$5.45,16,0
"Ogdoabyss, the Ogdoadic Overlord (CR)",Collector's Rare,#ANGU-EN009,$40.00,$5.45,20,0
"Minerva, the Exalted Lightsworn",Secret Rare,#BLLR-EN044,$5.69,$5.45,89,0
Elemental HERO Stratos,Common / Short Print,#HAC1-EN015,$2.98,$5.45,58,2
SPYRAL Double Helix,Ultra Rare,#CIBR-EN099,$3.50,$5.45,38,0
